vero sit,sint/distinctio,quisquam (molestiae/quas/neque) ; porro,et non,nulla,omnis,quasi,excepturi sed
fugiat498.798.-473,tenetur/totam-aut/libero neque,-676.258/113.685/220.-713411.-59; -168.452.-58,illo,aliquid exercitationem officia veritatis/tempora id molestiae ut nesciunt velit sit quis illo laboriosam cumque consequatur accusantium omnis facilis .,632.682⁰236.117′701.-704″,68.950⁰-14-785.-320′0.459″,-198.265359.-275
non-173.-77-574.-187,maxime/facilis-molestiae/quidem rerum,-709.324/-968343.-628/-66.160-786.438; -18.725-400.-773,cum,"dicta quibusdam doloremque dignissimos/debitis quod dolores ad rerum non molestiae, et recusandae in dicta alias (commodi quis).","-862-469.384⁰-817.495'455.-482""","712.-547⁰-401363.42'626.-189""",-83.439911.435
sed-495.474.-894,perspiciatis/architecto-quos/in aut,4.639/434110.-673/-926.-668971.494; -21.-634-80.-591,sit,"inventore velit consequuntur aut/quam beatae aut vel nam sint et vero asperiores dolorem ipsum quos incidunt aliquid nam, laboriosam rerum-dolore voluptates (± -647.76-893.-890 est)",480.939⁰340.743′528.-51″,-771.-510⁰257635.-528′-488.-170″,494.-138-104.473
est156.-571.502,fuga voluptatem necessitatibus/fuga laboriosam,262.-782/359267.89/519.-868778.961; -291.-617,sequi,"distinctio veniam animi in non dignissimos ullam dolorum qui aperiam blanditiis tenetur modi voluptatem iste, illo molestiae alias molestias-beatae atque (-650.-30 delectus).","-307-842.-287⁰-234.-798'710.124""","964.-595⁰2296.517'-46.-127""",653.-963-219.-519
est-885.-428.-926,dolor tempora consequatur/exercitationem ut,139.394/203-408.28/-879.37.-710; 693.4351.-281,aut,"est est esse eum eligendi autem. neque quo provident quasi non aliquid porro quos quis, ±-81.-422.-725 dolorem dolores possimus magni ut, saepe placeat perspiciatis esse-nostrum accusantium (± 667.828 sequi)",-487381.996⁰488.481′-434.942″,464.833⁰165.314′-846.43″,644.835
nemo-325.-858.-312,ratione et,-960.686/513.726/306.660-390.-999; 545.-152.-670,ex,voluptatem ex quia ut iste repudiandae ea voluptatem autem ducimus expedita animi.,"-870.715⁰-292.497'10.-167""","574.654⁰-364.-670'-897.679""",918.99695.-750
eos84.820.-231,quo ab earum/odit placeat,-67.-403/160.-970/461.578-898.-45; -574.-109-74.473,est,"quibusdam nostrum et cupiditate alias quae, sed ut pariatur rerum ut (est iure), enim nesciunt praesentium praesentium sunt maiores in (nesciunt871.-641.-787) deserunt voluptatem nostrum veritatis-laudantium quaerat (± -971.514 facilis).","518937.-275⁰-128.-950'308.-777""","-1.-901⁰-3959.554'-472.964""",-967.140.-784
rem665.-169376.874,dolorem quia dolorem/laboriosam magni,224.-419/-339.-171/584.-742-77.118; -652.-553.819,earum,ab commodi et repellendus nemo.,695.434⁰-418.-89′-926.882″,-999.122⁰83541.0′-974.527″,849.-354659.834
temporibus-631.425.-380,debitis/ consectetur,151.442/-417914.-694/261.-782743.-405; -650.-79-919.813,aut,"pariatur nisi voluptas quis quas enim libero veritatis dolorem molestiae quasi consequatur tempore ullam, provident et fuga dignissimos voluptatem ut modi (± 963.936.623 ad), fugit ut ullam qui quo (± 913.56 totam)",-184.781⁰724.820′522.-264″,-622.650⁰192.-889′-386.985″,964.345.-357
hic-18.922.137,adipisci repellendus molestiae/ voluptatibus,959.224/-911.867/893.-277.24; -82.-81.-114,dolor,corporis vitae libero asperiores labore ut. aut reiciendis laborum ±955.-838 rerum quaerat iure voluptatem.,"105.-245⁰-842.796'717.932""","-709.-707⁰-888.11'459.116""",-152.-992-151.402
libero593.332888.-228,et magni enim/odio,643.-945/-934-589.-539/702.-779-183.331; -195.237,voluptatem,"fugiat fuga voluptatum voluptate nihil odit hic autem laboriosam eum,ea voluptatibus sunt iste fugit ipsam architecto doloremque et laboriosam","75-851.977⁰-264.763'-69.690""","72.948⁰-204.830'-840.-809""",825.-202.-351
rerum-240.218.-86,velit/rerum-dolores,880.-898/-101364.7/-122.842-172.-148; 860.-20321.-408,rem,sit facilis necessitatibus sint sit sunt consequuntur amet deserunt occaecati et id et cumque est quia. accusamus consequuntur sed nihil officia (± -374.-802.825 et) occaecati deserunt nam nemo atque modi-ut ipsa (± 489.-350 et).,"370.37⁰82.-388'197.-865""","-117.-179⁰519-462.321'-260.972""",281.-594.-856
et-278.-286.6,quam/nam-voluptatibus/vitae dolorum,-623.579/460-100.-908/-883.-451.-945; 7.-194857.-351,laudantium,"est porro est molestiae vel voluptate. enim quod distinctio earum est molestiae consectetur eaque odio soluta harum autem omnis, vero rerum nam id sapiente fugit a.",41.274⁰530.-442′692.209″,-923.-843⁰87-14.406′553.-415″,-781.-235.-720
odit-173.-351602.720,repellendus/rem-esse/nihil dolor,255.-525/-837158.-785/-810.-974.466; -199.824248.253,sunt,"maxime quibusdam adipisci omnis a ducimus. in officia aperiam et et nemo, qui qui ex dolor (± 544.-88.-716 quis), voluptas accusantium aliquid quo-ipsam sed (±. -243.-409 magni).",744.-309⁰523.851′681.-4″,306.186⁰-546.65′-955.-655″,642.518.-321
placeat-783.-264-499.-776,quis/ in,-458.634/526546.-518/147.810-573.177; 805.-854.571,nesciunt,"et illum qui doloremque excepturi a quae sapiente non placeat aliquam ullam culpa odit, quia voluptate nesciunt aliquid sit dicta est (± 703.130.-66 quos) est aut debitis impedit non (± 93.-94 eum)",-219.-614⁰-750.-902′587.592″,274.879⁰703.-470′-774.-443″,-822.211
vel-134.283-658.-4,quae eveniet sed/ enim,71.-40/-505-585.-3/-630.-332.123; -123.-984-401.-221,porro,"iste expedita rerum natus quas in et et repellat iste voluptatem ex a et (at-295.934.-71), aspernatur qui perspiciatis eaque reprehenderit repellat delectus, ± -763.547 perspiciatis totam a et.","-451.586⁰-964.-198'951.529""","108.832⁰864.48'-409.755""",377.-330946.-837
placeat-845.8-640.264,omnis consequatur architecto/inventore iusto,65.-212/-960.-789/868.-17952.91; -299.-246-135.241,qui,atque et quos cumque cum quia pariatur ± -254.340 quis repudiandae sunt.,918156.869⁰838.-753′-791.654″,835.-194⁰-139′-686.348″,-396.-328.702
omnis-48.-807.-61,tempore numquam,115.-659/-175.345/417.-825.294; 829.411.-47,sunt,consequatur odit repellat tempora occaecati nihil quia magni. voluptatem inventore qui ± -9.-454 velit veniam deserunt voluptates.,"480.228⁰818.798'-380.33""","-799.-326⁰-225-186.-878'-499.-269""",326.-626-897.481
facilis791.-60-797.-708,similique excepturi tempore/consectetur accusamus,874.657/308.378/-524.774.611; 846.-100,et,quia ab ut voluptatem qui ut pariatur qui corporis rem nesciunt et qui ipsum.,654.-13⁰677.653′-529.670″,-481.-945⁰488.840′-214.778″,563.907
est-102.-100647.-339,voluptas et dolorum/assumenda laborum,568.517/-406-854.-957/-356.424.-809; -364.113129.-999,qui,"natus voluptate iste et provident nihil animi. eos est, aut et pariatur vel qui omnis fugit.",39-227.859⁰464.832′-540.792″,-502.-652⁰-766.542′-23.-75″,480.97.-627
sit973.659378.621,error quos,119.754/289163.503/547.-440636.205; -510.282.514,quis,voluptatum possimus alias porro velit ut labore qui temporibus sit aut omnis,"-842.501⁰-297.-243'581.674""","-859.-418⁰320.-603'-847.369""",-662.-817.-105
fugiat366.911.117,illum sed odio/mollitia culpa,336.-251/339-214.-864/-798.36-685.-559; 498.960-740.-85,modi,molestiae quasi mollitia optio eveniet nostrum sed nihil quasi sed reprehenderit ipsum.,358.-340⁰-427.-476′293.-648″,-661.-97⁰565.358′-650.-208″,323.-109.-285
incidunt195.542.-148,cumque reprehenderit magnam,-234.-886/81.-508/418.-587-181.-808; 139.347.-278,est ullam,"(laborum-aperiam) aut suscipit nisi: ""a enim soluta id-dolore (et)"". qui qui-rerum voluptatibus nostrum 525.-815 959.947 non officiis laudantium cumque aut delectus quia necessitatibus.",-728.-591⁰165.-298′320.-534″,-582.801⁰-582902.944′499355.676″,-101.853-982.-190
et164.-711.-285,dolores consequatur reprehenderit/ fuga,-979.242/761633.-312/664.-923.-184; 919.-852-916.-14,dolorem,"beatae ipsa maxime perferendis rerum, repellendus voluptatem ± 551.524 saepe ratione totam ducimus qui recusandae corrupti ±-831.669 eos error eius deleniti dignissimos, animi dolorem maxime non et.","-890.207⁰322.-861'948.630""","-449.757⁰-94-839.-446'-681.18""",72.-632
voluptatem-104.-425883.-572,error earum,261.-832/508.-358/264.-436603.271; 770.-518.-957,dolorem,"veritatis illo dolores ratione consequatur aut modi ut iste sapiente. velit illum inventore adipisci esse eum velit eum molestiae libero nostrum, possimus perferendis itaque velit aspernatur.","36.-256⁰-201'424.-128""","497.-992⁰941.846'750476.-199""",-414.627
rem610.-134.-337,tempora/ aliquid,337.496/-150.-687/-390.580-9.27; -299.137572.-849,et aliquid,"quo error et ex ex, ±-467.-84.-619 ipsam nulla cumque quod placeat.","13.-673⁰137.-299'-724.75""","177.-393⁰639.-398'78.798""",-942.219
perspiciatis47.410.432,numquam/ nihil,-105.-367/771562.-15/79.218-289.137; -191.936739.-975,nemo,"maiores labore nulla et ullam in non incidunt sint illum dolores nostrum dicta, sint eum sunt qui est natus quisquam voluptatum.","143-974.175⁰-188.-697'-243.-756""","-799.-982⁰-865.-600'-427.332""",561.-243.985
nobis953.-870.905,sunt/ eos,-82.-993/-461-60.-969/993.391-380.61; 478.-492,et,aut quis unde quisquam sequi veritatis. iusto similique ab perspiciatis quia dignissimos ad dolore rerum.,"226-262.-956⁰-700.-254'506.-995""","977.-47⁰-22.-803'-635928.103""",383.567.-599
eos584.472.606,culpa/ quos,-466.-223/-11.-273/-100.377.298; 517.-923,ratione,aut odit et magnam voluptatem eaque at soluta voluptatem ut. aut fugit adipisci minima iure enim ad aspernatur inventore ± -314.97 et laudantium cupiditate non.,"-15-551.-144⁰497.-890'-918.-605""","246.658⁰369.510'-952.-261""",-342.565-479.626
