"id","verb","link","body","objectType","postedTime","favoritesCount","twitter_filter_level","twitter_lang","retweetCount","actor_objectType","actor_id","actor_link","actor_displayName","actor_image","actor_summary","actor_postedTime","actor_links","actor_location","actor_utcOffset","actor_preferredUsername","actor_languages","actor_twitterTimeZone","actor_friendsCount","actor_followersCount","actor_listedCount","actor_statusesCount","actor_verified","generator_displayName","generator_link","provider_objectType","provider_displayName","provider_link","inReplyTo_link","geo","twitter_entities","object_objectType","object_id","object_summary","object_postedTime","object_link","location_objectType","location_displayName","location_link","location_geo","location_streetAddress","location_name","gnip","the_geom","category_name","category_terms"
"tag:search.twitter.com,2005:496274441584668672","post","http://twitter.com/erictheise/statuses/496274441584668672","sad to be the guy that knocked ""locahost"" out of @cartoDB's docs for #Odyssey.js; i've certainly had that sentiment towards my dev machine.","activity","2014-08-04T12:40:21.000Z","0","medium","en","0","person","id:twitter.com:94817737","http://www.twitter.com/erictheise","Eric Theise","https://pbs.twimg.com/profile_images/1994194116/Theise_normal.jpg","Software engineer; photographer, experimental filmmaker, cartographer, geographer, vocalizer, yoga student, reader & writer, eater & drinker.","2009-12-05T16:06:12.000Z","[{""href"":null,""rel"":""me""}]","{""objectType"":""place"",""displayName"":""San Francisco""}","-25200","erictheise","[""en""]","Pacific Time (US & Canada)","698","306","25","1322","false","Twitter Web Client","http://twitter.com","service","Twitter","http://www.twitter.com",,,"{""hashtags"":[{""text"":""Odyssey"",""indices"":[69,77]}],""trends"":[],""urls"":[],""user_mentions"":[{""screen_name"":""cartoDB"",""name"":""CartoDB"",""id"":241079136,""id_str"":""241079136"",""indices"":[49,57]}],""symbols"":[]}","note","object:search.twitter.com,2005:496274441584668672","sad to be the guy that knocked ""locahost"" out of @cartoDB's docs for #Odyssey.js; i've certainly had that sentiment towards my dev machine.","2014-08-04T12:40:21.000Z","http://twitter.com/erictheise/statuses/496274441584668672","place","San Francisco, CA","https://api.twitter.com/1.1/geo/id/5a110d312052166f.json","{""type"":""Polygon"",""coordinates"":[[[-122.514926,37.708075],[-122.514926,37.833238],[-122.328001,37.833238],[-122.328001,37.708075]]]}",,"San Francisco","{""klout_score"":41,""language"":{""value"":""en""}}","{""type"":""Polygon"",""coordinates"":[[[-122.514926,37.708075],[-122.514926,37.833238],[-122.328001,37.833238],[-122.328001,37.708075]]]}","sample category","term1 term2"
"tag:search.twitter.com,2005:495565956908064769","post","http://twitter.com/Jmholleran/statuses/495565956908064769","FrackMap #map http://t.co/BLWl3zYKTn","activity","2014-08-02T13:45:05.000Z","0","medium","en","0","person","id:twitter.com:27128139","http://www.twitter.com/Jmholleran","John Munro Holleran","https://pbs.twimg.com/profile_images/460662090819051520/lzLtBzUb_normal.png","Modest! intelligent, articulate & generally just amazing! Trade Unionist, learning facilitator 'n that","2009-03-27T23:36:39.000Z","[{""href"":null,""rel"":""me""}]","{""objectType"":""place"",""displayName"":""Glasgow/Scotland""}",,"Jmholleran","[""en""]",,"411","192","1","1643","false","Twitter for Android","http://twitter.com/download/android","service","Twitter","http://www.twitter.com",,"{""type"":""Point"",""coordinates"":[55.8641,-4.282299]}","{""hashtags"":[{""text"":""map"",""indices"":[9,13]}],""trends"":[],""urls"":[{""url"":""http://t.co/BLWl3zYKTn"",""expanded_url"":""http://energydesk.cartodb.com/viz/18162194-ecbd-11e3-aba1-0e230854a1cb/embed_map?title=true&description=true&search=false&shareable=true&cartodb_logo=true&layer_selector=false&legends=true&scrollwheel=true&fullscreen=true&sublayer_options=1%7C1%7C1%7C1&sql=&sw_lat=49.97948776108648&sw_lon=-12.7001953125&ne_lat=56.80087831233043&ne_lon=8.96484375"",""display_url"":""energydesk.cartodb.com/viz/18162194-e…"",""indices"":[14,36]}],""user_mentions"":[],""symbols"":[]}","note","object:search.twitter.com,2005:495565956908064769","FrackMap #map http://t.co/BLWl3zYKTn","2014-08-02T13:45:05.000Z","http://twitter.com/Jmholleran/statuses/495565956908064769","place","Glasgow","https://api.twitter.com/1.1/geo/id/791e00bcadc4615f.json","{""type"":""Polygon"",""coordinates"":[[[-4.3932845,55.796184],[-4.3932845,55.9204214],[-4.0902182,55.9204214],[-4.0902182,55.796184]]]}",,"Glasgow","{""urls"":[{""url"":""http://t.co/BLWl3zYKTn"",""expanded_url"":""http://energydesk.cartodb.com/viz/18162194-ecbd-11e3-aba1-0e230854a1cb/embed_map?title=true&description=true&search=false&shareable=true&cartodb_logo=true&layer_selector=false&legends=true&scrollwheel=true&fullscreen=true&sublayer_options=1%7C1%7C1%7C1&sql&sw_lat=49.97948776108648&sw_lon=-12.7001953125&ne_lat=56.80087831233043&ne_lon=8.96484375"",""expanded_status"":200}],""klout_score"":23}","{""type"":""Point"",""coordinates"":[-4.282299,55.8641]}","sample category","term1 term2"
"tag:search.twitter.com,2005:494521462682685440","post","http://twitter.com/SonOfJorEl/statuses/494521462682685440","@iriberri1 @cartoDB you are saying it is not supported, but you have an entire blog post about said feature : http://t.co/gvuUWv9sge","activity","2014-07-30T16:34:39.000Z","0","medium","en","0","person","id:twitter.com:15628310","http://www.twitter.com/SonOfJorEl","Joey Schluchter","https://pbs.twimg.com/profile_images/466697750013562880/ngwKpO1j_normal.jpeg","Recovering golfer. Helping feed the world to software. Still love persimmon.","2008-07-28T05:34:03.000Z","[{""href"":""http://www.exzeo.com"",""rel"":""me""}]","{""objectType"":""place"",""displayName"":""Clearwater, FL""}","-14400","SonOfJorEl","[""en""]","Eastern Time (US & Canada)","368","2053","5","2143","false","Tweetbot for Mac","http://tapbots.com/software/tweetbot/mac","service","Twitter","http://www.twitter.com","http://twitter.com/iriberri1/statuses/494488277765091328",,"{""hashtags"":[],""symbols"":[],""urls"":[{""url"":""http://t.co/gvuUWv9sge"",""expanded_url"":""http://blog.cartodb.com/got-files-weve-got-a-import-api/"",""display_url"":""blog.cartodb.com/got-files-weve…"",""indices"":[110,132]}],""user_mentions"":[{""screen_name"":""iriberri1"",""name"":""Carla"",""id"":102197411,""id_str"":""102197411"",""indices"":[0,10]},{""screen_name"":""cartoDB"",""name"":""CartoDB"",""id"":241079136,""id_str"":""241079136"",""indices"":[11,19]}]}","note","object:search.twitter.com,2005:494521462682685440","@iriberri1 @cartoDB you are saying it is not supported, but you have an entire blog post about said feature : http://t.co/gvuUWv9sge","2014-07-30T16:34:39.000Z","http://twitter.com/SonOfJorEl/statuses/494521462682685440","place","Tampa, FL","https://api.twitter.com/1.1/geo/id/dc62519fda13b4ec.json","{""type"":""Polygon"",""coordinates"":[[[-82.648358,27.821353],[-82.648358,28.171245],[-82.289105,28.171245],[-82.289105,27.821353]]]}",,"Tampa","{""urls"":[{""url"":""http://t.co/gvuUWv9sge"",""expanded_url"":""http://blog.cartodb.com/got-files-weve-got-a-import-api/"",""expanded_status"":200}],""klout_score"":42,""language"":{""value"":""en""}}","{""type"":""Polygon"",""coordinates"":[[[-82.648358,27.821353],[-82.648358,28.171245],[-82.289105,28.171245],[-82.289105,27.821353]]]}","sample category","term1 term2"
"tag:search.twitter.com,2005:494511938563342336","post","http://twitter.com/xavijam/statuses/494511938563342336",". @Javier is giving birth last @cartodb feature. All I can say is … GIF over maps! http://t.co/oC3DEK5cP6","activity","2014-07-30T15:56:48.000Z","0","medium","en","0","person","id:twitter.com:26775253","http://www.twitter.com/xavijam","Javier Álvarez","https://pbs.twimg.com/profile_images/3025038956/a2919d353eb2b1a22756d7ac79847480_normal.jpeg","I love gentoo penguins","2009-03-26T15:36:52.000Z","[{""href"":""http://xavij.am"",""rel"":""me""}]","{""objectType"":""place"",""displayName"":""Antarctic Peninsula""}","7200","xavijam","[""en""]","Madrid","250","395","26","4981","false","Tweetbot for iΟS","http://tapbots.com/tweetbot","service","Twitter","http://www.twitter.com",,,"{""hashtags"":[],""trends"":[],""urls"":[],""user_mentions"":[{""screen_name"":""javier"",""name"":""Javier Arce"",""id"":39083,""id_str"":""39083"",""indices"":[2,9]},{""screen_name"":""cartoDB"",""name"":""CartoDB"",""id"":241079136,""id_str"":""241079136"",""indices"":[31,39]}],""symbols"":[],""media"":[{""id"":494511934629093378,""id_str"":""494511934629093378"",""indices"":[83,105],""media_url"":""http://pbs.twimg.com/media/Btzb_AjCIAI0cLr.jpg"",""media_url_https"":""https://pbs.twimg.com/media/Btzb_AjCIAI0cLr.jpg"",""url"":""http://t.co/oC3DEK5cP6"",""display_url"":""pic.twitter.com/oC3DEK5cP6"",""expanded_url"":""http://twitter.com/xavijam/status/494511938563342336/photo/1"",""type"":""photo"",""sizes"":{""small"":{""w"":340,""h"":255,""resize"":""fit""},""medium"":{""w"":600,""h"":450,""resize"":""fit""},""large"":{""w"":1024,""h"":768,""resize"":""fit""},""thumb"":{""w"":150,""h"":150,""resize"":""crop""}}}]}","note","object:search.twitter.com,2005:494511938563342336",". @Javier is giving birth last @cartodb feature. All I can say is … GIF over maps! http://t.co/oC3DEK5cP6","2014-07-30T15:56:48.000Z","http://twitter.com/xavijam/statuses/494511938563342336","place","Trafalgar","https://api.twitter.com/1.1/geo/id/0144b1172069289c.json","{""type"":""Polygon"",""coordinates"":[[[-3.70582,40.4275708],[-3.70582,40.4386747],[-3.6956326,40.4386747],[-3.6956326,40.4275708]]]}",,"Trafalgar","{""urls"":[{""url"":""http://t.co/oC3DEK5cP6"",""expanded_url"":""http://twitter.com/xavijam/status/494511938563342336/photo/1"",""expanded_status"":200}],""klout_score"":39,""language"":{""value"":""en""}}","{""type"":""Polygon"",""coordinates"":[[[-3.70582,40.4275708],[-3.70582,40.4386747],[-3.6956326,40.4386747],[-3.6956326,40.4275708]]]}","sample category","term1 term2"
"tag:search.twitter.com,2005:494485754848894978","post","http://twitter.com/SonOfJorEl/statuses/494485754848894978","@cartoDB I’ve emailed support (which you claim has a 24hr turnaround) with minimal response. I am a paying customer ($149 mo). For how long?","activity","2014-07-30T14:12:45.000Z","0","medium","en","0","person","id:twitter.com:15628310","http://www.twitter.com/SonOfJorEl","Joey Schluchter","https://pbs.twimg.com/profile_images/466697750013562880/ngwKpO1j_normal.jpeg","Recovering golfer. Helping feed the world to software. Still love persimmon.","2008-07-28T05:34:03.000Z","[{""href"":""http://www.exzeo.com"",""rel"":""me""}]","{""objectType"":""place"",""displayName"":""Clearwater, FL""}","-14400","SonOfJorEl","[""en""]","Eastern Time (US & Canada)","368","2053","5","2142","false","Tweetbot for Mac","http://tapbots.com/software/tweetbot/mac","service","Twitter","http://www.twitter.com",,,"{""hashtags"":[],""trends"":[],""urls"":[],""user_mentions"":[{""screen_name"":""cartoDB"",""name"":""CartoDB"",""id"":241079136,""id_str"":""241079136"",""indices"":[0,8]}],""symbols"":[]}","note","object:search.twitter.com,2005:494485754848894978","@cartoDB I’ve emailed support (which you claim has a 24hr turnaround) with minimal response. I am a paying customer ($149 mo). For how long?","2014-07-30T14:12:45.000Z","http://twitter.com/SonOfJorEl/statuses/494485754848894978","place","Tampa, FL","https://api.twitter.com/1.1/geo/id/dc62519fda13b4ec.json","{""type"":""Polygon"",""coordinates"":[[[-82.648358,27.821353],[-82.648358,28.171245],[-82.289105,28.171245],[-82.289105,27.821353]]]}",,"Tampa","{""klout_score"":42,""language"":{""value"":""en""}}","{""type"":""Polygon"",""coordinates"":[[[-82.648358,27.821353],[-82.648358,28.171245],[-82.289105,28.171245],[-82.289105,27.821353]]]}","sample category","term1 term2"
"tag:search.twitter.com,2005:494276921765543936","post","http://twitter.com/httsan/statuses/494276921765543936","""@gisuser: Online Mapping for Beginners – The Map Academy from CartoDB: TweetSomething innovative from… http://t.co/Zhh882TV2F""","activity","2014-07-30T00:22:56.000Z","0","medium","en","0","person","id:twitter.com:28471178","http://www.twitter.com/httsan","hartanto","https://pbs.twimg.com/profile_images/2217327231/IMG0033_normal.jpg","Lahir di Indonesia | Nguli di @NEOnetBPPT @BPPTeknologi | Ngobrol di @RSGISForum @PadangZaitun | Nyantri di @MichiganStateU","2009-04-03T01:32:35.000Z","[{""href"":""http://about.me/httsan"",""rel"":""me""}]","{""objectType"":""place"",""displayName"":""East Lansing""}","-14400","httsan","[""en""]","Eastern Time (US & Canada)","976","873","12","25725","false","Twitter for Android","http://twitter.com/download/android","service","Twitter","http://www.twitter.com",,"{""type"":""Point"",""coordinates"":[42.7539688,-84.4221123]}","{""hashtags"":[],""symbols"":[],""urls"":[{""url"":""http://t.co/Zhh882TV2F"",""expanded_url"":""http://goo.gl/fb/xVB5rr"",""display_url"":""goo.gl/fb/xVB5rr"",""indices"":[104,126]}],""user_mentions"":[{""screen_name"":""gisuser"",""name"":""GISuser GeoTech News"",""id"":16958615,""id_str"":""16958615"",""indices"":[1,9]}]}","note","object:search.twitter.com,2005:494276921765543936","""@gisuser: Online Mapping for Beginners – The Map Academy from CartoDB: TweetSomething innovative from… http://t.co/Zhh882TV2F""","2014-07-30T00:22:56.000Z","http://twitter.com/httsan/statuses/494276921765543936","place","Haslett, MI","https://api.twitter.com/1.1/geo/id/4399b5004a3b4d9a.json","{""type"":""Polygon"",""coordinates"":[[[-84.447506,42.731229],[-84.447506,42.769688],[-84.363432,42.769688],[-84.363432,42.731229]]]}",,"Haslett","{""urls"":[{""url"":""http://t.co/Zhh882TV2F"",""expanded_url"":""http://blog.gisuser.com/2014/07/29/online-mapping-for-beginners-the-map-academy-from-cartodb/?utm_source=feedburner&utm_medium=twitter&utm_campaign=Feed:%20gisuser%20(GISUser.com%20-%20GIS,%20Mapping,%20Geospatial,%20and%20location%20technology%20news)"",""expanded_status"":200}],""klout_score"":51,""language"":{""value"":""en""}}","{""type"":""Point"",""coordinates"":[-84.4221123,42.7539688]}","sample category","term1 term2"
"tag:search.twitter.com,2005:494274906528288769","post","http://twitter.com/carygeo/statuses/494274906528288769","Attention mappers: iframe, #javascript, app development examples from the #CartoDB API/team! Well done @andrewxhill. http://t.co/cJM5fzgoyL","activity","2014-07-30T00:14:55.000Z","0","medium","en","0","person","id:twitter.com:2641688154","http://www.twitter.com/carygeo","Cary Greenwood","https://pbs.twimg.com/profile_images/488501325697544192/gFMxHuLV_normal.jpeg","geography, maps, data visualization,  ui/ux design","2014-07-14T01:35:22.000Z","[{""href"":null,""rel"":""me""}]",,,"carygeo","[""en""]",,"109","46","0","47","false","Twitter for iPhone","http://twitter.com/download/iphone","service","Twitter","http://www.twitter.com",,"{""type"":""Point"",""coordinates"":[34.13846767,-118.3620715]}","{""hashtags"":[{""text"":""javascript"",""indices"":[27,38]},{""text"":""CartoDB"",""indices"":[74,82]}],""symbols"":[],""urls"":[{""url"":""http://t.co/cJM5fzgoyL"",""expanded_url"":""http://vimeo.com/m/101936210"",""display_url"":""vimeo.com/m/101936210"",""indices"":[117,139]}],""user_mentions"":[{""screen_name"":""andrewxhill"",""name"":""Andrew W Hill"",""id"":19893224,""id_str"":""19893224"",""indices"":[103,115]}]}","note","object:search.twitter.com,2005:494274906528288769","Attention mappers: iframe, #javascript, app development examples from the #CartoDB API/team! Well done @andrewxhill. http://t.co/cJM5fzgoyL","2014-07-30T00:14:55.000Z","http://twitter.com/carygeo/statuses/494274906528288769","place","Los Angeles, CA","https://api.twitter.com/1.1/geo/id/3b77caf94bfc81fe.json","{""type"":""Polygon"",""coordinates"":[[[-118.668404,33.704538],[-118.668404,34.330724],[-118.155409,34.330724],[-118.155409,33.704538]]]}",,"Los Angeles","{""urls"":[{""url"":""http://t.co/cJM5fzgoyL"",""expanded_url"":""http://vimeo.com/101936210"",""expanded_status"":200}],""klout_score"":31,""language"":{""value"":""en""}}","{""type"":""Point"",""coordinates"":[-118.3620715,34.13846767]}","sample category","term1 term2"
"tag:search.twitter.com,2005:494194150133481472","post","http://twitter.com/juanjeojeda/statuses/494194150133481472","@dig_geo_com Your welcome :-) Keep in mind that some parts of @cartoDB still doesn't work fine. We're waiting for update from our provider.","activity","2014-07-29T18:54:01.000Z","0","medium","en","0","person","id:twitter.com:12679112","http://www.twitter.com/juanjeojeda","Juanje Ojeda ","https://pbs.twimg.com/profile_images/46025702/juanje_normal.jpg","Canarian guy who likes the open knowledge, the freedom and learn things every day. #OpenSource #DevOps #PaaS #Canarias","2008-01-25T11:49:15.000Z","[{""href"":""http://about.me/juanje"",""rel"":""me""}]","{""objectType"":""place"",""displayName"":""Las Palmas de Gran Canaria""}","3600","juanjeojeda","[""es""]","London","416","1006","86","17700","false","Twitter Web Client","http://twitter.com","service","Twitter","http://www.twitter.com","http://twitter.com/dig_geo_com/statuses/494191759078211584",,"{""hashtags"":[],""trends"":[],""urls"":[],""user_mentions"":[{""screen_name"":""dig_geo_com"",""name"":""digital-geography"",""id"":231016902,""id_str"":""231016902"",""indices"":[0,12]},{""screen_name"":""cartoDB"",""name"":""CartoDB"",""id"":241079136,""id_str"":""241079136"",""indices"":[62,70]}],""symbols"":[]}","note","object:search.twitter.com,2005:494194150133481472","@dig_geo_com Your welcome :-) Keep in mind that some parts of @cartoDB still doesn't work fine. We're waiting for update from our provider.","2014-07-29T18:54:01.000Z","http://twitter.com/juanjeojeda/statuses/494194150133481472","place","Las Palmas de Gran Canaria, Las Palmas","https://api.twitter.com/1.1/geo/id/00ab08eef1b62e92.json","{""type"":""Polygon"",""coordinates"":[[[-15.5255036,28.0248125],[-15.5255036,28.1812125],[-15.3941943,28.1812125],[-15.3941943,28.0248125]]]}",,"Las Palmas de Gran Canaria","{""klout_score"":56,""language"":{""value"":""en""}}","{""type"":""Polygon"",""coordinates"":[[[-15.5255036,28.0248125],[-15.5255036,28.1812125],[-15.3941943,28.1812125],[-15.3941943,28.0248125]]]}","sample category","term1 term2"
"tag:search.twitter.com,2005:494191583240388608","post","http://twitter.com/juanjeojeda/statuses/494191583240388608","@dig_geo_com Hi, @cartoDB blog is already back. We had some issues with our hosting provider. Sorry for the inconveniences.","activity","2014-07-29T18:43:49.000Z","0","medium","en","0","person","id:twitter.com:12679112","http://www.twitter.com/juanjeojeda","Juanje Ojeda ","https://pbs.twimg.com/profile_images/46025702/juanje_normal.jpg","Canarian guy who likes the open knowledge, the freedom and learn things every day. #OpenSource #DevOps #PaaS #Canarias","2008-01-25T11:49:15.000Z","[{""href"":""http://about.me/juanje"",""rel"":""me""}]","{""objectType"":""place"",""displayName"":""Las Palmas de Gran Canaria""}","3600","juanjeojeda","[""es""]","London","416","1006","86","17698","false","Twitter Web Client","http://twitter.com","service","Twitter","http://www.twitter.com","http://twitter.com/dig_geo_com/statuses/494181592685117442",,"{""hashtags"":[],""trends"":[],""urls"":[],""user_mentions"":[{""screen_name"":""dig_geo_com"",""name"":""digital-geography"",""id"":231016902,""id_str"":""231016902"",""indices"":[0,12]},{""screen_name"":""cartoDB"",""name"":""CartoDB"",""id"":241079136,""id_str"":""241079136"",""indices"":[17,25]}],""symbols"":[]}","note","object:search.twitter.com,2005:494191583240388608","@dig_geo_com Hi, @cartoDB blog is already back. We had some issues with our hosting provider. Sorry for the inconveniences.","2014-07-29T18:43:49.000Z","http://twitter.com/juanjeojeda/statuses/494191583240388608","place","Las Palmas de Gran Canaria, Las Palmas","https://api.twitter.com/1.1/geo/id/00ab08eef1b62e92.json","{""type"":""Polygon"",""coordinates"":[[[-15.5255036,28.0248125],[-15.5255036,28.1812125],[-15.3941943,28.1812125],[-15.3941943,28.0248125]]]}",,"Las Palmas de Gran Canaria","{""klout_score"":56,""language"":{""value"":""en""}}","{""type"":""Polygon"",""coordinates"":[[[-15.5255036,28.0248125],[-15.5255036,28.1812125],[-15.3941943,28.1812125],[-15.3941943,28.0248125]]]}","sample category","term1 term2"
"tag:search.twitter.com,2005:494141648922611712","post","http://twitter.com/spara/statuses/494141648922611712","@vtcraghead @briantimoney @billdollins CartoDB needs to cut a deal with a cloud provider, they’re a bit too parsimonious on disk space","activity","2014-07-29T15:25:24.000Z","0","medium","en","0","person","id:twitter.com:14629939","http://www.twitter.com/spara","spara","https://pbs.twimg.com/profile_images/469468370413166592/uuOHhLby_normal.jpeg","Ut mitterent eos in faciem.","2008-05-02T19:24:50.000Z","[{""href"":""http://sproke.blogspot.com"",""rel"":""me""}]","{""objectType"":""place"",""displayName"":""San Antonio Francisco""}","-25200","spara","[""en""]","Pacific Time (US & Canada)","1311","1276","128","24585","false","Tweetbot for Mac","http://tapbots.com/software/tweetbot/mac","service","Twitter","http://www.twitter.com","http://twitter.com/vtcraghead/statuses/494140334226833408",,"{""hashtags"":[],""symbols"":[],""urls"":[],""user_mentions"":[{""screen_name"":""vtcraghead"",""name"":""Bill Morris"",""id"":278873782,""id_str"":""278873782"",""indices"":[0,11]},{""screen_name"":""briantimoney"",""name"":""Brian Timoney"",""id"":17546328,""id_str"":""17546328"",""indices"":[12,25]},{""screen_name"":""billdollins"",""name"":""Bill Dollins"",""id"":12405802,""id_str"":""12405802"",""indices"":[26,38]}]}","note","object:search.twitter.com,2005:494141648922611712","@vtcraghead @briantimoney @billdollins CartoDB needs to cut a deal with a cloud provider, they’re a bit too parsimonious on disk space","2014-07-29T15:25:24.000Z","http://twitter.com/spara/statuses/494141648922611712","place","Highland Park, San Antonio","https://api.twitter.com/1.1/geo/id/097c1754d9aa7b39.json","{""type"":""Polygon"",""coordinates"":[[[-98.478227,29.384112],[-98.478227,29.401578],[-98.448015,29.401578],[-98.448015,29.384112]]]}",,"Highland Park","{""language"":{""value"":""en""}}","{""type"":""Polygon"",""coordinates"":[[[-98.478227,29.384112],[-98.478227,29.401578],[-98.448015,29.401578],[-98.448015,29.384112]]]}","sample category","term1 term2"