Prop_ID,Name,Location,Num_of_Courts,Accessible,lat,lon,facilities_Id
" X159 "," 174th Street Playground "," E 174 St. & Bronx River Ave. ",""," N "," 40.8342 "," -73.8775 ",0
" X179 "," 52 Playground "," Kelly St. & Ave. St. John ",""," N "," 40.8149 "," -73.9021 ",0
" X216 "," Abigail Adams Playground "," Tinton Ave. & E 156 St. ",""," N "," 40.8172 "," -73.9044 ",0
" X169 "," Agnes Haywood Playground "," Barnes Ave. & E 215 St. ",""," N "," 40.8804 "," -73.8619 ",0
" X172 "," Allerton Playground "," Bouck & Throop Aves. ",""," N "," 40.8659 "," -73.8503 ",0
" X187 "," Angelo Campanero Playground "," Gun Hill Rd., Eastchester Rd. and O'Neill Pl. ",""," N "," 40.8679 "," -73.843 ",0
" X001 "," Aqueduct Lands Playground "," W 183 St., Aqueduct Ave., W Tremont Ave. and University Ave. ",""," N "," 40.8634 "," -73.9035 ",0
" X219 "," Arcilla Playground "," E 164 St. & Teller Ave. ",""," N "," 40.8271 "," -73.9145 ",0
" X150J "," Bailey Playground "," Bailey Ave. & W 234-W 238 Sts. ",""," N "," 40.8811 "," -73.9008 ",0
" X166 "," Behagen Playground "," E 166 St., Union Ave. and Tinton Ave. ",""," N "," 40.8254 "," -73.9015 ",0
" X108 "," Belmont Playground "," Crotona Ave. & E 181 St. ",""," N "," 40.8497 "," -73.8875 ",0
" X002 "," Brady Playground "," Bronxdale Ave. & Bronx Pk E ",""," N "," 40.8512 "," -73.8705 ",0
" X148A3 "," Bridge Playground "," Boscobel Pl., University Ave. and W 171 St. ",""," N "," 40.8443 "," -73.924 ",0
" X183 "," Bruckner Playground "," Phillips Ave. & E 177 St. ",""," N "," 40.8268 "," -73.8289 ",0
" X121 "," Bufano Playground "," Bradford, Edison, La Salle and Waterbury Aves. ",""," N "," 40.838 "," -73.8312 ",0
" X194 "," Capt. Rivera Playground "," Forest Ave. & E 156 St. ",""," N "," 40.8179 "," -73.907 ",0
" X160 "," Caserta Playground "," St. Raymond Ave. & Odell St. ",""," N "," 40.8372 "," -73.854 ",0
" X111 "," Cedar Playground "," W 179 St. & Sedgwick Ave. ",""," N "," 40.8548 "," -73.9177 ",0
" X008 "," Claremont Park "," E 170 St. & Teller Ave. ",""," N "," 40.8378 "," -73.9082 ",0
" X200 "," Clark Playground "," E 144 St. & 3 Ave. ",""," N "," 40.8136 "," -73.9211 ",0
" X010 "," Crotona Playground #11 "," Fulton Ave. between E 172 St. and Claremont ",""," N "," 40.8384 "," -73.8993 ",0
" X010 "," Crotona Playground #2 "," Crotona N between Marmion and Prospect ",""," N "," 40.8402 "," -73.8913 ",0
" X010 "," Crotona Playground #5 "," Crotona Pk E at E 173 St. ",""," N "," 40.8377 "," -73.8908 ",0
" X010 "," Crotona Playground #6 "," Crotona E between Suburban and Charlotte ",""," N "," 40.8371 "," -73.8926 ",0
" X010 "," Crotona Playground #7 "," Crotona E between Claremont and Charlotte ",""," N "," 40.8363 "," -73.8949 ",0
" X010 "," Crotona Playground #9 "," Crotona S between Clinton and Prospect ",""," N "," 40.8391 "," -73.8931 ",0
" X164 "," Dawson Playground "," Intervale Ave. & Dawson St. ",""," N "," 40.8195 "," -73.8982 ",0
" X013 "," Devoe Park "," Sedgwick Ave. & Fordham Ave. ",""," N "," 40.8635 "," -73.9058 ",0
" X021 "," Drew Playground "," Fulton Ave. & E 169 St. ",""," N "," 40.8334 "," -73.9036 ",0
" X185 "," Dunbar Playground "," E 161 St., Trinity Ave., E 163 St. and Cauldwell Ave. ",""," N "," 40.8233 "," -73.9064 ",0
" X156 "," Eastchester Playground "," Adee & Tenbroeck Aves. ",""," N "," 40.8698 "," -73.8531 ",0
" X165 "," Edenwald Playground "," Schieffelin Ave. & E 229 St. ",""," N "," 40.8841 "," -73.8457 ",0
" X126 "," Ferry Point Park "," Corner of Balcom Avenue and Dewey Avenue ",""," Y "," 40.8157 "," -73.8298 ",0
" X122 "," Florence Colucci Playground "," Wilkinson & Mayflower Aves. ",""," N "," 40.852 "," -73.8343 ",0
" X146 "," Flynn Playground "," Brook Ave. & E 157 St. ",""," N "," 40.8212 "," -73.9121 ",0
" X150E "," Fordham Landing Playground "," Landing Rd., Just off Fordam Rd. ",""," N "," 40.8637 "," -73.9101 ",0
" X038 "," Fort #4 Playground "," Strong St. & Reservoir Ave. ",""," N "," 40.8745 "," -73.9007 ",0
" X020 "," Fort Independence Playground "," Sedgwick Ave. & Stevenson Pl. ",""," N "," 40.8819 "," -73.895 ",0
" X247 "," Fox Playground "," S/E Corner Fox St. & E 156 St. ",""," N "," 40.8147 "," -73.8987 ",0
" X047 "," Franz Sigel Park "," E 153 St. & Grand Concourse ",""," Y "," 40.821 "," -73.9264 ",0
" X114 "," Goble Playground "," Macombs Pl. & Globel Rd ",""," N "," 40.8437 "," -73.9171 ",0
" X222 "," Gouverneur Morris Playground "," 3 Ave., Saint Paul's Pl. and Washington Ave. ",""," N "," 40.8355 "," -73.9035 ",0
" X235 "," Grove Hill Playground "," Eagle Ave. & E 158 St. ",""," N "," 40.8197 "," -73.9091 ",0
" X161 "," Gun Hill Playground "," Holland Ave. & Magenta St. ",""," Y "," 40.8747 "," -73.8656 ",0
" X196 "," Haffen Park "," Ely & Burke Ave. ",""," N "," 40.8735 "," -73.8398 ",0
" X262 "," Harding Park "," Bolton Ave. between O'Brien and Cornell Aves. ",""," N "," 40.8102 "," -73.8567 ",0
" X148M1 "," Havemeyer "," N/S Cross Bronx Expwy., Havemeyer Ave. and Watson Ave. ",""," N "," 40.83 "," -73.8476 ",0
" X208 "," Haviland Playground "," Pugsley, Haviland, and Watson Aves. ",""," N "," 40.8289 "," -73.8589 ",0
" X080 "," Henry Hudson Park "," Independence & W 227 St. ",""," N "," 40.8813 "," -73.9202 ",0
" X228 "," I Am Park "," 147 St. & Jackson Ave. ",""," N "," 40.811 "," -73.9101 ",0
" X029 "," James Lyons Square Playground "," Aldus St. & Bryant Ave. ",""," N "," 40.8229 "," -73.8882 ",0
" X107 "," Julius Richman Park "," E 178 St. & Upper Level ",""," N "," 40.8466 "," -73.7865 ",0
" X033 "," Kossuth Playground "," Moshulu Pkwy N & Kossuth Ave. ",""," N "," 40.8776 "," -73.8827 ",0
" X163 "," Loreto Playground "," Morris Park, Tomlinson, Van Nest and Haight Aves. ",""," N "," 40.849 "," -73.8518 ",0
" X131 "," Lozada Playground "," Willis Ave. & E 135 St. ",""," N "," 40.8078 "," -73.9247 ",0
" X030 "," Macombs "," E 158th St. & Ruppert Plaza ",""," Y "," 40.8279 "," -73.9287 ",0
" X214 "," Magenta Playground "," Olinville Ave. & Rosewood St. ",""," N "," 40.8738 "," -73.8678 ",0
" X202 "," Marble Hill Playground "," Marble Hill Ave. between W 228 and W 230 Sts. ",""," N "," 40.8775 "," -73.9076 ",0
" X178 "," Matthews-Muliner Playground "," Matthews & Muliner Aves. ",""," N "," 40.8467 "," -73.8613 ",0
" X157 "," Mazzei Playground "," Mace Ave. & Williamsbridge Rd. ",""," N "," 40.8625 "," -73.8585 ",0
" X153 "," Merriam Playground (lower) "," W 168 St., Merriam Ave., Ogden Ave. and University Ave. ",""," N "," 40.8388 "," -73.9266 ",0
" X153 "," Merriam Playground (upper) "," W 168 St., Merriam Ave., Ogden Ave. and University Ave. ",""," N "," 40.8408 "," -73.9269 ",0
" X182 "," Millbrook Playground "," E 135 St. & Cypress Ave. ",""," N "," 40.8042 "," -73.9162 ",0
" X206 "," Morgan Playground "," E 168 St., Park Ave. and Washington Ave. ",""," N "," 40.8325 "," -73.9074 ",0
" X001A "," Morton Playground "," Morton Pl. & University Ave. ",""," N "," 40.8515 "," -73.9141 ",0
" X115 "," Mott Playground "," E 166 St. & Morris Ave. ",""," N "," 40.8314 "," -73.9146 ",0
" X257 "," Mount Hope Playground "," E. 177 St. & Walton Ave. ",""," N "," 40.8505 "," -73.9094 ",0
" X034 "," Mullaly Park "," E 164 St. & River Ave. ",""," N "," 40.8317 "," -73.925 ",0
" X168 "," Nelson Playground "," W 166 St. & Nelson Ave. ",""," N "," 40.8347 "," -73.9269 ",0
" X123 "," Noble Playground "," Noble & Bronx River Aves. ",""," N "," 40.8369 "," -73.8726 ",0
" X039 "," Orchard Beach "," Bruckner Blvd., Eastchester Bay, Hutchinson River and LI Sound ",""," N "," 40.8688 "," 73.7922 ",0
" X151 "," P.O. Hillario Serrano Playground "," Olmstead & Castle Hill Aves. ",""," N "," 40.8237 "," -73.8505 ",0
" X177 "," Parker Playground "," Castle Hill Ave. & Parker St. ",""," N "," 40.8392 "," -73.853 ",0
" X162 "," Parkside Playground "," Arnow Ave. & Olinville Ave. ",""," N "," 40.8682 "," -73.868 ",0
" X155 "," Patterson Playground "," Morris & College Aves. ",""," N "," 40.816 "," -73.9216 ",0
" X039 "," Pelham Bay Playground "," Middletown Road, off Bruckner Blvd. ",""," N "," 40.8483 "," -73.8252 ",0
" X148H1 "," Prospect Playground "," Clinton Ave. & E 176 St. ",""," N "," 40.8432 "," -73.8906 ",0
" X141 "," PS 21 Playground/Rienzi Playground "," E 225 St. & White Plains Rd. ",""," N "," 40.8879 "," -73.8592 ",0
" X133 "," PS 48 Playground/Hunts Point Playground "," Faile St. & Hunts Point Ave. ",""," N "," 40.8225 "," -73.819 ",0
" X203 "," Randall Playground "," Randall & Castle Hill Aves. ",""," N "," 40.8193 "," -73.8494 ",0
" X186 "," Riverdale Playground "," W 237 St. & Independence Ave. ",""," N "," 40.8883 "," -73.9152 ",0
" X238 "," Saw Mill Playground "," Brook Ave. & E 140 St. ",""," N "," 40.8088 "," -73.9193 ",0
" X158 "," Sedgwick Playground "," Undercliff Ave. & Cross Bronx Expwy. ",""," N "," 40.8455 "," -73.923 ",0
" X201 "," Seton Park "," W 235 St. & Douglas Ave. ",""," N "," 40.8864 "," -73.9171 ",0
" X085 "," Slattery Playground "," Ryer & Valentine Aves. ",""," N "," 40.8574 "," -73.8988 ",0
" X118 "," Sound View Park "," Bronx River & Lafayette Aves. ",""," Y "," 40.8143 "," -73.8655 ",0
" X221 "," Space-Time Playground "," Lafayette & Bolton Aves. ",""," N "," 40.8225 "," -73.8598 ",0
" X171 "," Spuyten Duyvil Playground "," W 236 St. & Douglas Ave. ",""," N "," 40.8871 "," -73.9156 ",0
" X044 "," St. James Park "," E 193 St. & Jerome Ave. ",""," Y "," 40.8658 "," -73.8972 ",0
" X045 "," St. Mary's Playground East "," Jackson Ave. & St. Mary's St. ",""," N "," 40.8125 "," -73.9138 ",0
" X045 "," St. Mary's Playground West "," Saint Ann's Ave. & E 147 St. ",""," N "," 40.8102 "," -73.9105 ",0
" X193 "," Stars & Stripes Playground "," Crawford & Baychester Aves. ",""," N "," 40.8857 "," -73.8396 ",0
" X211 "," Stebbins Playground "," E 165 St. & Stebbins Ave. ",""," N "," 40.8226 "," -73.8983 ",0
" X204 "," Story Playground "," Theriot & Story Aves. ",""," N "," 40.8229 "," -73.8631 ",0
" X172 "," The Pearly Gates Playground "," Tratman & Saint Peter's Aves. ",""," N "," 40.8659 "," -73.8503 ",0
" X190 "," Tiffany Playground "," Fox, Tiffany & E 167 Sts. ",""," N "," 40.8249 "," -73.8944 ",0
" X092 "," Van Cortlandt Stadium "," Van Cortlandt Park South & Gouverneur Ave. ",""," N "," 40.8853 "," -73.891 ",0
" X188 "," Wakefield Playground "," Carpenter Ave. & E 239 St. ",""," N "," 40.9018 "," -73.8543 ",0
" X002 "," Waring Playground "," Waring Ave. & Bronx Pk E. ",""," N "," 40.8602 "," -73.8715 ",0
" X124 "," Watson Gleason Playground "," Watson & Rosedale Aves. ",""," N "," 40.8281 "," -73.8689 ",0
" X174 "," Webster Playground "," E 188 St. & Webster Ave. ",""," N "," 40.8594 "," -73.8927 ",0
" X104 "," Williamsbridge Oval "," Van Cortlandt Ave. E, Bainbridge Ave. and Reservoir Oval ",""," N "," 40.8768 "," -73.8776 ",0
" X217 "," Willis Playground "," Willis Ave. & E 141 St. ",""," N "," 40.8107 "," -73.9236 ",0
" B297 "," Albemarle Playground "," Albermarle Rd., Dahill Rd. and McDonald Ave. ",""," N "," 40.646 "," -73.9808 ",0
" B253 "," Albert J. Parham Playground "," Franklin Ave. between Willoughby and DeKalb Aves. ",""," N "," 40.6905 "," -73.9709 ",0
" B253 "," Albert Lysander Parham Playground "," Adelphi St., Clermont, DeKalb and Willoughby Aves. ",""," N "," 40.6905 "," -73.9709 ",0
" B193 "," Alex Hamilton-Metz Memorial Field "," Albany, East New York and Lefferts Aves. ",""," N "," 40.6626 "," -73.9405 ",0
" B329 "," Alex Lindower Park "," Mill & Strickland Aves. ",""," Y "," 40.6131 "," -73.912 ",0
" B001 "," American Playground "," Noble, Franklin & Milton Sts. ",""," N "," 40.729 "," -73.9578 ",0
" B287 "," Andries Playground "," Ave. K & Nostrand Ave. ",""," N "," 40.623 "," -73.9464 ",0
" B140 "," Banneker Playground "," Marcy Ave., Kosciusko St. and Lafayette Ave. ",""," N "," 40.6903 "," -73.9494 ",0
" B286 "," Bartlett Playground "," Bartlett St. & Throop Ave. ",""," N "," 40.7012 "," -73.946 ",0
" B164 "," Bath Beach Playground "," Shore Pkwy. & 17 Ave. ",""," N "," 40.6024 "," -74.0107 ",0
" B349 "," Bath Playground "," Bath Ave. between 24 Ave. and Bay 37 St. ",""," N "," 40.5946 "," -73.9936 ",0
" B274 "," Bay View Houses & PS 272 "," S/JS Seaview Ave. Opposite E 99 St. ",""," N "," 40.6348 "," -73.8871 ",0
" B100 "," Bealin Square & Seth Low Playground "," Ave. P., Bay Pkwy. and W 12 St. ",""," N "," 40.6079 "," -73.9859 ",0
" B142 "," Bedford Playground "," Bedford Ave., S 9 St. and Division Ave. ",""," N "," 40.7084 "," -73.9637 ",0
" B283 "," Belmont Playground "," Pitkin Ave., Drew St., Belmont Ave., and N Conduit Ave. ",""," N "," 40.6757 "," -73.8629 ",0
" B277 "," Benson Playground "," Bath Ave. between Bay 22 and Bay 23 Sts. ",""," N "," 40.6027 "," -74.0025 ",0
" B007 "," Bensonhurst Park "," Gravesend Bay, 21 Ave., Cropsey Ave. and Bay Pkwy. ",""," Y "," 40.5977 "," -74.0011 ",0
" B353 "," Bergen Beach Park "," Ave. T, Ave. N, E 71 St. and E 72 St. ",""," N "," 40.6226 "," -73.9095 ",0
" B154 "," Berry Playground "," S 3 St., Berry St. and Bedford Ave. ",""," N "," 40.7126 "," -73.9637 ",0
" B008 "," Betsy Head Memorial Playground "," Livonia Ave., Dumont Ave., Hopkinson Ave., Blake Ave. and Strauss St. ",""," N "," 40.6643 "," -73.9119 ",0
" B335 "," Bildersee Playground "," Flatlands Ave. between E 81 and E 82 St. ",""," N "," 40.6354 "," -73.9117 ",0
" B223J03 "," Bridge Park "," E/S Jay St., Prospect St., Sands St. and Charles St. ",""," N ","","",0
" B169A "," Brighton Playground "," W/S Brighton 2 Sts. At Boardwalk ",""," N "," 40.5751 "," -73.9657 ",0
" B162 "," Brizzi Playground "," 42 St. & 10 to New Utrecht Aves. ",""," N "," 40.6424 "," -73.9947 ",0
" B012 "," Brower Park & PS 189 "," Brooklyn Ave., St. Mark's Ave., Kingston Ave. and Strauss St. ",""," N "," 40.6735 "," -73.9442 ",0
" B270 "," Brownsville Rec. Center & Playground "," Linden Blvd. and Christopher Ave. ",""," N "," 40.6568 "," -73.9014 ",0
" B310 "," Bushwick Playground "," Knickerbocker Ave., Putnam Ave. and Woodbine St. ",""," N "," 40.7018 "," -73.9394 ",0
" B018 "," Canarsie Park "," Paedergat Basin and Seaview Ave. ",""," N "," 40.6308 "," -73.8933 ",0
" B330 "," Capt. V. Hickman Park/IS 78 "," Veterans Ave. between E 66 and E 68 Sts. ",""," N "," 40.6204 "," -73.9135 ",0
" B347 "," Carver Playground "," Ralph Ave., Sumpter St., Howard Ave. and Marion St. ",""," N "," 40.6805 "," -73.9207 ",0
" B337 "," Century Playground "," W Brighton Ave. between W 2 and W 3 Sts. ",""," N "," 40.577 "," -73.97 ",0
" B362 "," Chester Playground "," Chester St., Sutter Ave., Bristol St. and Pitkin Ave. ",""," N "," 40.6688 "," -73.9119 ",0
" B141 "," City Line Park "," Atlantic & Fountain Aves. ",""," N "," 40.6789 "," -73.8746 ",0
" B128 "," Col. David Marcus Memorial Playground "," Ave. P & E 5 Sts. ",""," N "," 40.6097 "," -73.9696 ",0
" B021 "," Commodore Barry Park & Playground "," Park Ave., Navy St., Flushing Ave. and N. Eliot Pl. ",""," N "," 40.6978 "," -73.9791 ",0
" B025 "," Cooper Park "," Sharon St, Olive St., Maspeth Ave. and Morgan Ave. ",""," N "," 40.7156 "," -73.9362 ",0
" B103 "," Cypress Hills Houses Playground "," Blake & Euclid Aves. ",""," N "," 40.6702 "," -73.8711 ",0
" B232 "," Dean Playground "," Dean to Bergen Sts., between 6 and Carlton Aves. ",""," N "," 40.681 "," -73.9734 ",0
" B215 "," Decatur Playground "," Decatur and MacDonough Sts., between Sumner and Lewis Aves. ",""," N "," 40.6815 "," -73.9369 ",0
" B293 "," DeKalb Playground/PS 270 Playground "," Lafayette & Classon Aves. ",""," N "," 40.6892 "," -73.9609 ",0
" B271 "," Ditmas Playground/Railroad Playground "," Ditmas Ave. between E 91 & E 92 Sts. ",""," N "," 40.6495 "," -73.9143 ",0
" B056 "," Dr. Martin Luther King, Jr. Park "," Dumont Ave., Blake Ave., Miller Ave. and Bradford St. ",""," N "," 40.6681 "," -73.8905 ",0
" B228 "," Dr. Richard Greene Playground "," Stone & Sutter Aves. ",""," N "," 40.6674 "," -73.9066 ",0
" B125 "," Dreier-Offerman Park "," Gravesend Bay, Bay 44-Bay 49 Sts. and Shore Pkwy. ",""," N "," 40.5876 "," -73.9905 ",0
" B028 "," Dyker Beach Park "," Shore Pkwy., 86 St. and 7 to 14 Aves. ",""," Y "," 40.6126 "," -74.0126 ",0
" B282 "," Patrick O’Rourke Park "," 80 to 81 Sts. and 11 to 12 Aves. ",""," N "," 40.6191 "," -74.0135 ",0
" B321 "," Edmonds Playground "," DeKalb Ave., Adelphi St., and Carlton Ave. ",""," N "," 40.6892 "," -73.9712 ",0
" B300 "," Edward C. Blum Playground/PS 46 "," Adelphi & Myrtle Aves. ",""," N "," 40.6938 "," -73.9712 ",0
" B359 "," Eleanor Roosevelt Playground "," Lewis Ave., DeKalb Ave., Stuyvesant Ave. and Kosciusko St. ",""," N "," 40.6927 "," -73.9357 ",0
" B313 "," El-Shabazz Playground "," Reid Ave., Malcolm X Blvd. and MacDonough St. ",""," N "," 40.6828 "," -73.9304 ",0
" B345 "," Ethan Allen Park "," Cozine Ave. Vermont St. and New Jersey Ave. ",""," N "," 40.6555 "," -73.8871 ",0
" B358 "," Eugenio Maria De Hostos Playground "," Harrison Ave., Walton to Lorimer Sts. and Throop Ave. ",""," N "," 40.7028 "," -73.9497 ",0
" B332 "," Evergreen Playground "," Evergreen Ave., Decatur St. and Schaefer St. ",""," N "," 40.6863 "," -73.9107 ",0
" B334 "," Fermi Playground "," Troutman St., Central Ave., Starr St. and Wilson Ave. ",""," N "," 40.7007 "," -73.9284 ",0
" B325 "," Fish Playground "," Saratoga Ave. between Herkimer and Fulton Sts. ",""," N "," 40.6781 "," -73.9147 ",0
" B032 "," Fort Greene Park "," Myrtle Ave., Cumberland St. and DeKalb Ave. ",""," N "," 40.6927 "," -73.9773 ",0
" B248 "," Fox Memorial Park/PS 251 Playground "," Ave. H, Ave. I and E 54 to E 55 Sts. ",""," N "," 40.6324 "," -73.9236 ",0
" B055 "," Frances Hamburger Sternberg Park "," Montrose Ave., Boerum St., Lorimer St. and Leonard St. ",""," N "," 40.7057 "," -73.9475 ",0
" B340 "," Garden Playground "," Flushing Ave., Beaver St. and Garden St. ",""," N "," 40.7012 "," -73.9381 ",0
" B254 "," George Wingate HS Playground "," SE Corner Brooklyn Ave. & Rutland Rd. ",""," N "," 40.6591 "," -73.9442 ",0
" B236 "," Glenwood Houses Playground "," Ralph Ave. & Farragut Rd. ",""," N "," 40.6365 "," -73.9199 ",0
" B243 "," Golconda Playground "," E/S Gold St. and Nassau to Concord Sts. ",""," N "," 40.6977 "," -73.9828 ",0
" B230 "," Gowanus Houses Playground "," Hoyt, Wyckoff and Bond Sts. ",""," N "," 40.6844 "," -73.9876 ",0
" B078 "," Grace Playground "," Belmont Ave., Pitkin Ave., Vermont St. and New Jersey St. ",""," N "," 40.671 "," -73.8951 ",0
" B042 "," Gravesend Park "," 18 Ave. Near 57 St. ",""," N "," 40.6235 "," -73.9848 ",0
" B301 "," Greene Playground/PS 11 Playground "," Greene Ave. between Waverly and Washington Aves. ",""," N "," 40.6865 "," -73.9661 ",0
" B285 "," Harry Maze Memorial Park "," Ave. D bet. E 56 & E 57 Sts. ",""," N "," 40.6433 "," -73.9231 ",0
" B323 "," Hattie Carthan Playground "," Monroe St., Tompkins Ave., Madison St. and Marcy Ave. ",""," N "," 40.6858 "," -73.9461 ",0
" B235 "," Herman Dolgon Playground "," Ave. V, Nostrand St. and Batchelder St. ",""," N "," 40.5982 "," -73.9406 ",0
" B166B "," Homecrest Playground "," Shore Pkwy. To Williams Ct. and E 12 St. ",""," N "," 40.586 "," -73.957 ",0
" B363 "," Houston Playground "," Powell St., Liberty Ave., Sackman St. and Glenmore Ave. ",""," N "," 40.6721 "," -73.9053 ",0
" B260 "," Howard Houses Playground & Pool "," Glenmore & Mother Gaston Blvd. ",""," N "," 40.6718 "," -73.9084 ",0
" B163 "," IS 302 (Sperandeo Brothers) "," Atlantic Ave. between Elton and Linwood Sts. ",""," N "," 40.6763 "," -73.8844 ",0
" B216 "," Israel Putnam Playground "," Sumner Ave. and Madison to Monroe Sts. ",""," N "," 40.6865 "," -73.9399 ",0
" B305 "," J Playground "," Ave. J, Ave. K, 103 St. and 104 Sts. ",""," N "," 40.6442 "," -73.893 ",0
" B111 "," J.J. Byrne Memorial Park/JHS 51 "," 3 to 4 Sts. and 4 to 5 Aves. ",""," N "," 40.6728 "," -73.9842 ",0
" B294 "," Jackie Robinson Park "," Chauncey St. E/O Reid Ave. ",""," N "," 40.68 "," -73.9277 ",0
" B357 "," Jackie Robinson Playground "," Sullivan Pl., Franklin Ave. and Montgomery St. ",""," N "," 40.6657 "," -73.9592 ",0
" B324 "," Jacob Joffe Park "," Ave. K between E 58 and E 59 Sts. ",""," N "," 40.625 "," -73.9194 ",0
" B291 "," James Marshall Power Playground "," Ave. N & Utica Ave. ",""," N "," 40.6183 "," -73.9276 ",0
" B246 "," Jerome Playground "," Wortman Ave. & Warwick St. ",""," N "," 40.6591 "," -73.8796 ",0
" B269 "," Jesse Owens Playground "," Stuyvesant & Lafayette Aves. ",""," N "," 40.6912 "," -73.9326 ",0
" B151 "," Jessie & Charles Dome Playground "," NE Corner 38 St. & Dahill Rd. ",""," N "," 40.638 "," -73.98 ",0
" B346 "," JHS 126 Playground "," Manhattan Ave. & Leonard St. (Ericsson Playground) ",""," N "," 40.7205 "," -73.9484 ",0
" B210I "," JHS 136 Playground (Playground Three-Forty) "," 40 St., 41 St. and 3 Ave. ",""," N "," 40.6523 "," -74.0084 ",0
" B210A "," John Allen Payne Park "," 64 to 65 Sts. and 3 Ave. ",""," N "," 40.6399 "," -74.0242 ",0
" B237 "," John Hancock Playground "," Bedford Ave., Hancock St. and Jefferson Ave. ",""," N "," 40.6822 "," -73.9543 ",0
" B210W-03 "," John J. Carty Park "," Ft. Hamilton, Gowanus Pkwy., and 94 to 101 Sts. ",""," N "," 40.6133 "," -74.0302 ",0
" B157 "," Kelly Playground "," N/S Ave. S between BMT and PS 255 ",""," N "," 40.6042 "," -73.9564 ",0
" B304 "," Kennedy King Playground "," Lenox Rd., Clarkson Ave., E 93 St. and E 94 St. ",""," N "," 40.6586 "," -73.9221 ",0
" B317 "," Lafayette Gardens Playground "," Lafayette & Franklin Aves. ",""," N "," 40.6896 "," -73.9574 ",0
" B106B "," Lafayette Playground "," Lafayette & E/O Reid Aves. ",""," N "," 40.5946 "," -73.9854 ",0
" B167A "," LaGuardia Playground "," Havemeyer to Roebling Sts. and S 4 to S 5 Sts. ",""," N "," 40.71 "," -73.9593 ",0
" B052 "," Leif Ericson Park & Square "," 66-67 Sts. and 8 to 9 Aves. ",""," N "," 40.636 "," -74.0205 ",0
" B129 "," Leon S. Kaiser Playground "," Coney Island Creek and W 24 St. ",""," Y "," 40.5784 "," -73.9962 ",0
" B054 "," Lincoln Terrace "," Rochester Ave. and President St. ",""," N "," 40.6657 "," -73.9268 ",0
" B214 "," Linden Playground/JHS 166 "," Linden Blvd., Stanley Ave. and Vermont to Wyona Sts. ",""," N "," 40.659 "," -73.8869 ",0
" B149B "," Linwood Playground "," Linwood St., New Lots Ave. and Hegeman Aves. ",""," N "," 40.6659 "," -73.8802 ",0
" B107 "," Lion's Pride Playground "," Riverdale, Van Sinderen, Livonia and Snediker Aves. ",""," N "," 40.6626 "," -73.8997 ",0
" B309 "," Louis H. Pink Houses Playground "," Stanley Ave. & Eldert Lane ",""," N "," 40.6663 "," -73.863 ",0
" B099 "," Lt. Petrosino Playground "," New Utrecht to 16 Aves. and 70 to 71 Sts. ",""," N "," 40.6189 "," -73.9985 ",0
" B296 "," Luna Park Houses Playground "," Surf Ave. and W 8 St. to W 12 St. ",""," N "," 40.5758 "," -73.978 ",0
" B251 "," Manhattan Beach Park "," Oriental Blvd. & Ocean Ave. ",""," N "," 40.5767 "," -73.9461 ",0
" B284 "," Marc's & Jason's Playground "," Sterling St., Empire Blvd. and New York Ave. ",""," N "," 40.6634 "," -73.9492 ",0
" B016 "," Maria Hernandez Park "," Knickerbocker to Irving Aves. and Starr to Suydam Sts. ",""," N "," 40.7035 "," -73.924 ",0
" B057 "," Marine Park/Jerry Debonis "," Gerritsen Ave. & Ave. X ",""," N "," 40.5969 "," -73.9279 ",0
" B057 "," Marine Park/PS 278 "," Fillmore Ave. & Madison Pl. ",""," Y "," 40.608 "," -73.9378 ",0
" B110 "," Marion-Hopkinson Playground "," Hopkinson Ave. & Marion St. ",""," N "," 40.6817 "," -73.9136 ",0
" B272 "," Marlboro Houses Playground "," W 11 St. & Ave. W ",""," N "," 40.5911 "," -73.9808 ",0
" B098 "," Martin Luther Playground "," 55 to 56 Sts., 2 Ave. ",""," N "," 40.6461 "," -74.0197 ",0
" B058 "," McCarren Park "," Bedford Avenue and North 12th Street ",""," N "," 40.7213 "," -73.9495 ",0
" B058 "," McCarren Park "," Abate Playground ",""," N "," 40.7212 "," -73.9554 ",0
" B061 "," McLaughlin Park "," Tillary, Jay Sts., Cathedral Pl. and Bridge St. ",""," N "," 40.6963 "," -73.9866 ",0
" B197 "," Mellett Playground "," Ave. V, E 13 St. and E 14 St. ",""," N "," 40.597 "," -73.9571 ",0
" B022 "," Middleton "," Lynch St., Middleton St. and Lee Ave. ",""," N "," 40.7008 "," -73.9552 ",0
" B268 "," Nautilus Playground "," Public Beach, West 29 and West 32 street ",""," N "," 40.5717 "," -73.9968 ",0
" B331 "," Neptune Playground "," Neptune Ave. & W 12 St. ",""," N "," 40.5781 "," -73.9808 ",0
" B339 "," Newport Playground "," Newport Ave., Thatford Ave. and Osborne St. ",""," N "," 40.661 "," -73.9072 ",0
" B250 "," Nostrand Playground "," Nostrand & Foster Aves. ",""," N "," 40.6383 "," -73.9469 ",0
" B144 "," Ocean Hill Playground "," Bergen St., Rockaway Ave. and Dean St. ",""," N "," 40.6743 "," -73.9119 ",0
" B343 "," Osborn Playground "," Linden Blvd., Osborne St. and Thatford Ave. ",""," N "," 40.6559 "," -73.9059 ",0
" B295 "," Oxport Playground "," Flushing Ave., N Portland Ave. and N Oxford St. ",""," N "," 40.6977 "," -73.9762 ",0
" B153 "," Pacific Playground "," W/S Howard Ave. and Pacific to Dean Sts. ",""," N "," 40.6757 "," -73.921 ",0
" B218 "," Paerdegat Park "," Foster Ave., Farragut Rd., E 40 St. and Albany Ave. ",""," N "," 40.6386 "," -73.938 ",0
" B068 "," Parade Ground "," Caton Ave., Coney Island Ave., Parkside Ave. and Parade Pl. ",""," N "," 40.6515 "," -73.9656 ",0
" B267 "," Parkside Playground "," Rogers Ave., Winthrop St. and Parkside Ave. ",""," N "," 40.6566 "," -73.9543 ",0
" B150 "," Paul W. Kolbert Playground "," Ave. L and E 17 to E 18 Sts. ",""," N "," 40.6198 "," -73.9581 ",0
" B224 "," Police Officer Reinaldo Salgado Playground "," Monroe to Madison Sts., Patchen Ave. and Ralph Ave. ",""," N "," 40.6877 "," -73.9267 ",0
" B210J "," PS 1 Playground "," 43 St., 47 St. and 3 Ave. ",""," N "," 40.6493 "," -74.0121 ",0
" B348 "," PS 23 Playground "," Tompkins, Willoughby and Vernon Aves. ",""," N "," 40.6942 "," -73.9469 ",0
" B306 "," PS 286 Playground "," Ave. Y, between Brown and Haring Sts. ",""," N "," 40.5908 "," -73.9384 ",0
" B124 "," PS 84/William Sheridan "," Wythe Ave. to Berry St. and Grand to S 1 Sts. ",""," N "," 40.7153 "," -73.9644 ",0
" B322 "," Pulaski Playground "," Sumner Ave. between Hart and Pulaski Sts. ",""," N "," 40.6936 "," -73.9419 ",0
" B265 "," Rainbow Park "," 55 and 56 Sts. at 6 Ave. ",""," N "," 40.6405 "," -74.0109 ",0
" B059 "," Ramirez Playground "," White, McKibben and Bogart Sts. ",""," N ","","",0
" B152 "," Rappaport Playground "," Ft. Hamilton Pkwy., 10 Ave. and 52 to 53 Sts. ",""," N "," 40.6368 "," -74.0006 ",0
" B077 "," Red Hook Park "," King, Richards, Verona, Dwight, and Pioneer Sts. ",""," N "," 40.6772 "," -74.0091 ",0
" B126 "," Red Hook Recreation Area "," Lorraine, Clinton and Henry Sts. ",""," N "," 40.6738 "," -74.0039 ",0
" B360 "," Remsen Playground "," Remsen Ave., Glenwood Rd., E 92 St. and Bay View Pl. ",""," N "," 40.6423 "," -73.9075 ",0
" B223P02 "," Rodney Park North "," Rodney, S 4 St. and S 5 St. ",""," N "," 40.7092 "," -73.9563 ",0
" B223O03 "," Rodney Park South "," Division Ave., Rodney St. and S 9 St. ",""," N ","","",0
" B264 "," Roebling Playground "," Wilson Ave., Lee Ave., Taylor St. and Bedford Ave. ",""," N "," 40.7063 "," -73.9618 ",0
" B192 "," Russell Pederson Playground "," S/W Corner 83 St. & Colonial Rd. ",""," N "," 40.6261 "," -74.0361 ",0
" B352 "," Sam Curtis Park "," S/S Foster Ave., E 81 St. and E 82 St. ",""," N "," 40.6409 "," -73.9174 ",0
" B106A "," Scarangella Park "," Ave. V, Stillwell Ave., Ave. U and W 13 St. ",""," N "," 40.5947 "," -73.9843 ",0
" B261 "," Schenk Playground "," Livonia Ave., Barbey St. and Schenck Ave. ",""," N "," 40.6656 "," -73.8861 ",0
" B096 "," Sgt. William Dougherty Playground "," Anthony St., Vandervoort Ave., and Cherry St. ",""," N "," 40.7239 "," -73.9372 ",0
" B239 "," Sheepshead Playground "," Ave. Z and Nostrand Ave. to E. 29 St. ",""," N "," 40.5887 "," -73.9404 ",0
" B082 "," Shore Road Park "," 79th Street & Shore Road ",""," N "," 40.6312 "," -74.0397 ",0
" B137 "," Sixteen Sycamores Playground "," Schermerhorn St., 3 Ave. and Nevins St. ",""," N "," 40.6868 "," -73.981 ",0
" B225 "," St. Andrew's Playground "," Atlantic Ave., Herkimer St. and Kingston Ave. ",""," N "," 40.6784 "," -73.9418 ",0
" B245 "," St. John's Recreation Center "," Bergen St. between Troy and Schenectady Aves. ",""," N "," 40.6738 "," -73.934 ",0
" B118A "," St. Mary's Playground "," Smith St. between Luquer and Nelson Sts. ",""," N "," 40.6764 "," -73.9972 ",0
" B131 "," Stephen A. Rudd Playground "," Bushwich Ave., Aberdeen and Granite Sts. ",""," N "," 40.683 "," -73.9054 ",0
" B298 "," Stockton Playground "," Park Ave., Floyd St. and E/O Marcy Ave. ",""," N "," 40.697 "," -73.949 ",0
" B350 "," Stroud Playground "," Classon Ave., Sterling Pl. and Park Pl. ",""," N "," 40.6749 "," -73.9618 ",0
" B263 "," Sumner Houses Playground/PS 59 "," Sumner, Throop, Park and Myrtle Aves. ",""," N "," 40.6976 "," -73.943 ",0
" B087 "," Sunset Park "," 41 to 44 Sts. and 5 to 7 Aves. ",""," N "," 40.6481 "," -74.0031 ",0
" B315 "," Surf Playground "," Surf Ave, W 25 and W 27 Sts. ",""," N "," 40.5738 "," -73.9924 ",0
" B105 "," Taaffe Playground "," Park to Myrtle Aves. and Taaffe Pl. ",""," N "," 40.6953 "," -73.9607 ",0
" B311 "," Ten Eyck Playground/PS 196 Playground "," Bushwick Ave., Scholes St. and Messerole St. ",""," N "," 40.709 "," -73.939 ",0
" B127 "," Thelma Martinez Playground "," Scholes St. and Manhattan to Graham Aves. ",""," N "," 40.7093 "," -73.9442 ",0
" B307 "," Tiger Playground "," Evergreen Ave., Eldert St. and Covert St. ",""," N "," 40.6882 "," -73.9106 ",0
" B234 "," Tilden Playground "," Tilden Ave. and E 48 to E 49 Sts. ",""," N "," 40.6476 "," -73.9317 ",0
" B252 "," West Playground "," N/S Ave. Z between West St. and W 1 St. ",""," N "," 40.5876 "," -73.9705 ",0
" B275 "," William Grady HS Playground "," Shore Pkwy., Brighton 3 St. and 4 Rd. ",""," N "," 40.5825 "," -73.9647 ",0
" B112 "," Williamsburg Bridge Playground "," Wythe Ave. to Berry St., S 5 St. and S 6 St. ",""," N ","","",0
" B279 "," Wilson Playground "," Ave. J, Ave. K, E 100 and E 101 Sts. ",""," N "," 40.6421 "," -73.8947 ",0
" B312 "," Woodruff Playground/PS 224 Playground "," Stanley Ave., Autumn Ave. and Hemlock St. ",""," N "," 40.6652 "," -73.8662 ",0
" B364 "," Woods Playground "," Bergen St., Utica Ave., Rochester & St. Mark's Ave. ",""," N "," 40.6746 "," -73.9286 ",0
" M108Q "," 24 Sycamores Playground "," 1 Ave. & E. 96 St. ",""," N "," 40.7595 "," -73.9586 ",0
" M071 "," 76 St. Playground "," W. 76 St. & Riverside Drive ",""," N "," 40.7832 "," -73.985 ",0
" M193 "," Abraham Lincoln Playground "," 135 St. & Madison Ave. ",""," N "," 40.8122 "," -73.9376 ",0
" M194 "," Al Smith Recreations Center "," Catherine St. ",""," N "," 40.7104 "," -73.9975 ",0
" M196 "," Alfred E. Smith Playground "," Madison and Catherine Sts. to Oliver St. ",""," N "," 40.7122 "," -73.9974 ",0
" M164 "," Asser Levy Playground "," E. 23 St. & FDR Drive ",""," N "," 40.7364 "," -73.9753 ",0
" M240 "," Audubon Playground "," 170 St. & Audubon Ave. ",""," N "," 40.8414 "," -73.9385 ",0
" M226 "," Augustus Saint-Garden's Playground "," E. 19 St. & 2 Ave. ",""," N "," 40.7353 "," -73.9821 ",0
" M165 "," Baruch Playground "," Rivington St. & Baruch Place ",""," N "," 40.7172 "," -73.9766 ",0
" M263 "," Bellevue South Playground "," E. 26 St. & 2 Ave. ",""," N "," 40.7397 "," -73.9785 ",0
" M214 "," Blake Hobbs Park "," 104 St. & 2 Ave. ",""," N "," 40.7885 "," -73.9443 ",0
" M238 "," Bloomingdale Playground "," W. 104 St. & Amsterdam Ave. ",""," N "," 40.799 "," -73.966 ",0
" M138 "," Bo Jangles Playground "," W. 150 St. & 7 Ave. ",""," N "," 40.8253 "," -73.9372 ",0
" M200 "," Booker T. Washington Playground "," W. 108 St. & Columbus Ave. ",""," N "," 40.8011 "," -73.9641 ",0
" M081 "," Carl Schurz Park "," E. 84 St. & York Ave. ",""," N "," 40.7739 "," -73.9441 ",0
" M018 "," Carmansville Playground "," W. 151 to 152 Sts. and Amsterdam Ave. ",""," N "," 40.8294 "," -73.9443 ",0
" M010 "," Central Park "," North Meadow (mid-park at 97th Street) ",""," N "," 40.7911 "," -73.9598 ",0
" M010 "," Central Park "," Great Lawn ",""," N "," 40.7826 "," -73.9644 ",0
" M011 "," Chelsea Park "," W. 28 St. between 9 and 10 Aves. ",""," N "," 40.7498 "," -74.0004 ",0
" M171 "," Cherry Playground "," Clinton, Cherry and Water Sts. ",""," N "," 40.7113 "," -73.9861 ",0
" M215 "," Cherry Tree Park "," E. 99 St. & 3 Ave. ",""," N "," 40.7875 "," -73.9471 ",0
" M186 "," Col. Young Playground (Front) "," W. 145 St. & Lenox Ave. ",""," N "," 40.8201 "," -73.9361 ",0
" M186 "," Col. Young Playground (Rear) "," W. 143 to 144 St. and Hudson River Dr. ",""," N "," 40.8187 "," -73.9348 ",0
" M019 "," Coleman Square "," Cherry & Pike Sts. ",""," N "," 40.7108 "," -73.9938 ",0
" M015 "," Columbus Park "," Worth & Mulberry Sts. ",""," N "," 40.7145 "," -74 ",0
" M237 "," Corp. Seravalli Park "," Hudson St. between Gansevoort and Horatio Sts. ",""," N "," 40.7391 "," -74.0046 ",0
" M155 "," Courtney Callender Playground "," 130 to 131 Sts. and 5th Ave. ",""," N "," 40.8099 "," -73.94 ",0
" M208E "," Crack is Wack "," E. 128 St. & 2 Ave. ",""," N "," 40.8044 "," -73.9318 ",0
" M108A "," DeSalvio Playground "," Spring & Mulberry Sts. ",""," N "," 40.8009 "," -73.9309 ",0
" M022 "," De Witt Clinton Park "," W. 53rd St. between 11 and 12 Aves. ",""," N "," 40.7685 "," -73.9947 ",0
" M270 "," Dry Dock Park "," E. 10 St. & Ave. D ",""," N "," 40.7253 "," -73.9752 ",0
" M144 "," East River Park "," E. 10 St. & FDR Drive ",""," N "," 40.7249 "," -73.9724 ",0
" M258 "," East River Playground / PS 146 "," 106 St. & FDR Drive ",""," N "," 40.7891 "," -73.9385 ",0
" M116 "," Essex Playground "," Essex, Norfolk and E. Houston St. ",""," N "," 40.7218 "," -73.986 ",0
" M124 "," First Park "," E. Houston to E. 1 St. ",""," N "," 40.7235 "," -73.9898 ",0
" M160 "," Fred Samuels Playground "," 139 to 140 Sts. and Lenox Ave. ",""," N "," 40.8173 "," -73.9392 ",0
" M220 "," Frederick Douglass Playground "," W. 100 to 102 Sts. and Amsterdam Ave. ",""," N "," 40.7969 "," -73.9679 ",0
" M037-09 "," Ft. George Playground "," Ft. George Ave. & W. 192 St. ",""," N "," 40.8579 "," -73.9247 ",0
" M028 "," Ft. Washington Playground "," 162 St. & Riverside Dr. ",""," N "," 40.8385 "," -73.9484 ",0
" M222 "," Grand & Canal Courts "," Grand & Canal Sts. ",""," N "," 40.7222 "," -74.0051 ",0
" M065 "," Gulick Playground "," Columbia & Delancey Sts. ",""," N "," 40.7159 "," -73.9819 ",0
" M221 "," Gutenberg PlaygroundLa Gu "," W. 49 St. between 9 and 10 Aves. ",""," N "," 40.7636 "," -73.9902 ",0
" M033 "," Hamilton Fish Playground "," 128 Pitt St. ",""," N "," 40.7194 "," -73.9806 ",0
" M041 "," Hamilton Place "," W. 140 St. & Hamilton Pl. ",""," N "," 40.8229 "," -73.9515 ",0
" M229 "," Happy Warrior Playground "," W. 98 Sts. & Amsterdam Ave. ",""," N "," 40.7956 "," -73.9683 ",0
" M141 "," Harlem Lane Playground "," 151 to 154 Sts. and Hudson River Drive ",""," N "," 40.826 "," -73.9348 ",0
" M277 "," Hell's Kitchen Park "," W. 47 St. & 10 Ave. ",""," N "," 40.763 "," -73.9926 ",0
" M037 "," Highbridge Play Center (Indoors) "," W. 173 St. & Amsterdam Ave. ",""," N "," 40.8426 "," -73.9337 ",0
" M216 "," Holcombe Rucker Park "," 156 St. & 8 Ave. ",""," N "," 40.8295 "," -73.9363 ",0
" M217 "," Howard Bennett Playground "," 135 St. & Lenox Terrace ",""," N "," 40.8135 "," -73.9387 ",0
" M042 "," Inwood Park "," 207 St. ",""," N "," 40.8703 "," -73.922 ",0
" M099 "," J. Hood Wright Playground (*Under Construction) "," 176 St. & Ft. Washington Ave. ",""," Y "," 40.8466 "," -73.9406 ",0
" M014 "," Jackie Robinson Park "," 150 St. & Bradhurst Ave. ",""," N "," 40.8266 "," -73.9408 ",0
" M228 "," Jackson Playground "," Jackson St. between Madison & Henry Sts. ",""," N "," 40.7139 "," -73.9813 ",0
" M029 "," Jacob Javits Playground "," Cabrini Blvd. & Cobrin Circle ",""," N "," 40.8591 "," -73.9349 ",0
" M223 "," Jacob Schiff Playground "," W. 136 St. & Amsterdam Ave. ",""," N "," 40.8203 "," -73.9524 ",0
" M111 "," James Weldon Playground / PS 57 "," E. 115 St. & Lexington Ave. ",""," N "," 40.7973 "," -73.9419 ",0
" M045 "," John Jay Park "," E. 77 St. & FDR Drive ",""," N "," 40.7687 "," -73.9498 ",0
" M066 "," Kelly Playground "," W. 17 St. between 8 and 9 Aves. ",""," N "," 40.7419 "," -74.002 ",0
" M199 "," Kett Playground "," W. 204 St. & Nagles Ave. ",""," N "," 40.8624 "," -73.9211 ",0
" M132 "," La Guardia Hospital Playground-Rutgers Pool/Little Flower Playground "," Madison St. opposite Jefferson St. ",""," N "," 40.7124 "," -73.9883 ",0
" M058 "," Marcus Garvey Park "," E. 120 to 124 Sts. and Madison Ave. ",""," N "," 40.8033 "," -73.9431 ",0
" M198 "," Martin Luther King Jr. Playground "," 113 to 114 St. and Lenox Ave. ",""," N "," 40.7999 "," -73.9503 ",0
" M154 "," May Mathews Playground "," W. 46 St. between 9 and 10 Aves. ",""," N "," 40.7614 "," -73.9926 ",0
" M161 "," McCaffrey Playground "," W. 43 St. between 8 and 9 Aves. ",""," N "," 40.759 "," -73.9911 ",0
" M259 "," McKinley Playground "," Ave. A between E. 3 St. and E. 4 St. ",""," N "," 40.7242 "," -73.9857 ",0
" M204 "," Moore Playground / PS 133 "," E. 131 St. & Madison Ave. ",""," N "," 40.8095 "," -73.9386 ",0
" M056 "," Morningside Park "," W. 113 St. & Morningside ",""," Y "," 40.8031 "," -73.958 ",0
" M056 "," Morningside Park "," W. 116 St. & Morningside ",""," Y "," 40.8074 "," -73.9573 ",0
" M056 "," Morningside Park "," W. 123 St. & Morningside ",""," Y "," 40.8107 "," -73.9551 ",0
" M239 "," Morningside Playground "," E. 118 St. & 2 Ave. ",""," N "," 40.7975 "," -73.9356 ",0
" M037 "," Multi Purpose Playground "," W. 175 St. & Amsterdam Ave. ",""," N "," 40.8448 "," -73.9328 ",0
" M059 "," Murphy Playground "," Ave. C & E. 17 St. ",""," N "," 40.7304 "," -73.9738 ",0
" M243 "," One-Twenty Park (PS 79) "," E. 120 St. ",""," N "," 40.8024 "," -73.9416 ",0
" M108J "," Pedestrian Landing (Each One Teach One) Playground "," E. 120 St. & FDR Drive ",""," N ","","",0
" M249 "," Penn South Playground "," W. 26 St. between 8 and 9 Aves. ",""," N "," 40.7478 "," -73.9989 ",0
" M227 "," Peters Field Playground "," 2 Ave., E. 20 St. and E. 21 St. ",""," N "," 40.7363 "," -73.9818 ",0
" M108G "," Playground 103 "," 103rd St. & FDR Drive ",""," N "," 40.787 "," -73.9393 ",0
" M233 "," Playground 70 "," W 70 St., West End Ave, and Amsterdam Ave. ",""," N "," 40.7771 "," -73.9837 ",0
" M230 "," Poor Richard Playground "," E. 109 St. & 3 Ave. ",""," N "," 40.7926 "," -73.9433 ",0
" M205 "," PS 125 Playground "," Morningside Ave. and W. 123 to 124 Sts. ",""," N "," 40.811 "," -73.956 ",0
" M288 "," Ramon Aponte Playground "," W. 47 St. between 8 and 9 Aves. ",""," N "," 40.7615 "," -73.9892 ",0
" M245 "," Renaissance Playground "," 143 to 144 St. and 8 Ave. ",""," N "," 40.8211 "," -73.9415 ",0
" M072-01 "," Riverbank Park "," 148 St. & Henry Hudson Parkway ",""," N "," 40.8257 "," -73.9538 ",0
" M158 "," Robert Moses Playground "," E. 42 St. & FDR Drive ",""," N "," 40.7484 "," -73.9693 ",0
" M158 "," Robert Wagner Playground "," E. 121 St. & 2 Ave. ",""," N "," 40.7484 "," -73.9693 ",0
" M184 "," Samuel Bennerson "," W. 63 to 64 Sts. between West End & Amsterdam Aves. ",""," N "," 40.7738 "," -73.9867 ",0
" M105 "," Sara D. Roosevelt Park (A) "," Stanton St. ",""," Y "," 40.7231 "," -73.9909 ",0
" M105 "," Sara D. Roosevelt Park (B) "," Delancey St. between Forsythe and Christie Sts. ",""," Y "," 40.7221 "," -73.9914 ",0
" M105 "," Sara D. Roosevelt Park (D) "," Canal to Hester Sts. ",""," Y "," 40.7175 "," -73.9937 ",0
" M236 "," Seabury Playground "," Lexington Ave. & E. 95 St. ",""," N "," 40.7853 "," -73.9511 ",0
" M082 "," Seward Park "," Canal, Hester and Jefferson Sts. ",""," N "," 40.7148 "," -73.9892 ",0
" M195 "," Sidney Hillman / PS 110 "," Lewis & Delancey Sts. ",""," N "," 40.7151 "," -73.9798 ",0
" M244 "," Sol Bloom Playground "," W. 70 St. between Central Park West and Columbus Ave. ",""," N "," 40.7896 "," -73.9685 ",0
" M235 "," Sol Lain Playground "," E. Bway & Henry St. ",""," N "," 40.7144 "," -73.9839 ",0
" M079 "," St. Catherine's Park "," 1 Ave. and E. 67 to 68 Sts. ",""," N "," 40.7654 "," -73.9592 ",0
" M077 "," St. Nicholas Park "," W. 141 St. & St. Nicholas Ave. ",""," N "," 40.816 "," -73.9489 ",0
" M077 "," St. Nicholas Park "," W. 133 St. & St. Nicholas Ave. ",""," N "," 40.8213 "," -73.9467 ",0
" M077 "," St. Nicholas Playground (North) "," 129 to 130 St. & 7 Ave. ",""," N "," 40.8123 "," -73.9469 ",0
" M077 "," St. Nicholas Playground (South) "," 128 St. & 7 Ave. ",""," N "," 40.8111 "," -73.9475 ",0
" M077 "," St. Nicholas Terrace "," W. 129 St. & St. Nicholas Ave. ",""," N "," 40.8131 "," -73.9512 ",0
" M076 "," St. Vartan's Playground "," 2 Ave. and E. 35 to E. 36 Sts. ",""," N "," 40.7457 "," -73.9746 ",0
" M192 "," Stanley Isaacs Playground "," 1 Ave. & E. 96 St. ",""," N "," 40.7835 "," -73.9442 ",0
" M037 "," Sunken Playground "," W. 167 St. & Edgecombe Ave. ",""," N "," 40.8376 "," -73.9362 ",0
" M206 "," Tanahey Playground "," Cherry St. to Water St. ",""," N "," 40.7101 "," -73.9948 ",0
" M219 "," Tecumseh Playground "," W. 77 St. & Amsterdam Ave. ",""," N "," 40.7816 "," -73.9785 ",0
" M047 "," Thomas Jefferson Park "," 2180 1 Ave. ",""," N "," 40.7923 "," -73.9356 ",0
" M069 "," Thompson Playground "," Thompson & Spring Sts. ",""," N "," 40.7253 "," -74.0024 ",0
" M088 "," Tompkins Sq. Park "," E 10 St. & Ave. B ",""," N "," 40.7268 "," -73.9807 ",0
" M037-04 "," Wallenburg Playground "," W. 189 St. & Amsterdam Ave. ",""," N "," 40.8533 "," -73.9267 ",0
" M125C "," West 4th St. Courts "," W. 4th St. & 6th Avenue ",""," N "," 40.7311 "," -74.0011 ",0
" M148 "," White Playground "," E. 105 St. & Lexington Ave. ",""," N "," 40.7919 "," -73.9459 ",0
" M110 "," William McCray Playground "," 138 St. between Lenox and 5 Ave. ",""," N "," 40.8157 "," -73.938 ",0
" M234 "," Wright Brothers / PS 28 "," St. Nicholas Ave. & W. 156 St. ",""," N "," 40.8317 "," -73.942 ",0
" Q099-20 "," Albert H. Mauro "," Park Dr. East & 73 Terrace ",""," N "," 40.724 "," -73.8275 ",0
" Q356 "," Alley Playground/PS 213 "," 230 St. & 67 Ave. ",""," N "," 40.7473 "," -73.745 ",0
" Q319 "," Annandale Playground "," Yellowstone Blvd., 65 Rd. & 65 Ave ",""," N "," 40.7312 "," -73.8519 ",0
" Q313 "," Arverne Playground "," Averne Blvd. & Beach 55 St. ",""," N "," 40.5928 "," -73.7849 ",0
" Q397 "," Auburndale Playground "," 35 Ave. between 171 and 172 Sts. ",""," N "," 40.7656 "," -73.7944 ",0
" Q357B01 "," Barrier Playground "," 102 St., 62 Ave. & Yellowstone Blvd. ",""," N "," 40.7361 "," -73.855 ",0
" Q399 "," Bay Terrace Playground/PS 169 "," NE Corner of 212 St. & 23Ave. ",""," N "," 40.7821 "," -73.7775 ",0
" Q007 "," Bayswater Park "," Beach Channel Dr. & Beach 32 St. ",""," N "," 40.5993 "," -73.7676 ",0
" Q326 "," Bland Playground "," 40 Rd. & Prince St. ",""," N "," 40.7582 "," -73.8319 ",0
" Q006 "," Bowne Park "," 32 Ave., 29 Ave. and 155 to 159 Sts. ",""," N "," 40.7703 "," -73.8059 ",0
" Q308 "," Bowne Playground "," Sanford Ave. & Union St. ",""," N "," 40.758 "," -73.825 ",0
" Q379 "," Briarwood Playground "," 148 St. & 85 Ave. ",""," N "," 40.7099 "," -73.8114 ",0
" Q460 "," Broad Channel "," Cross Bay Blvd. & E 16 Rd. ",""," N "," 40.6013 "," -73.8196 ",0
" Q366 "," Bulova Park "," W/S 77 St. and N/S 25 Ave. ",""," N "," 40.7633 "," -73.8925 ",0
" Q012-01 "," Buz O' Rourke P/G "," 33 Ave. & 214 Pl. ",""," N "," 40.771 "," -73.7712 ",0
" Q361 "," C.C. Moore Homestead Park "," 82 St. & Broadway ",""," N "," 40.7418 "," -73.8819 ",0
" Q347 "," Cadwaller Colden Playground "," Union St. & 31 Rd. ",""," N "," 40.7702 "," -73.8271 ",0
" Q300 "," Capt. Mario Fajardo "," Kissena Blvd. & Booth Memorial Blvd. ",""," N "," 40.7437 "," -73.8147 ",0
" Q376 "," Cedar Grove Playground (P.S. 218) "," Main St. & Gravett Rd. ",""," N "," 40.7362 "," -73.8246 ",0
" Q386 "," Centerville "," 96 St., Centerville St. and Albert Rd. ",""," N "," 40.6705 "," -73.8395 ",0
" Q346 "," Challenge Playground "," 251 St. & 63 Ave. ",""," N "," 40.7562 "," -73.7278 ",0
" Q390 "," Clintonville Playground/JHS 194 "," Clintonville St. between 17 Ave. and 17 Rd. ",""," N "," 40.783 "," -73.8076 ",0
" Q457 "," College Point Park "," College Pt. Blvd. & 14 Ave. ",""," N "," 40.7855 "," -73.8463 ",0
" Q450 "," Corona Golf "," 46 Ave. & 111 St. ",""," N "," 40.7478 "," -73.8548 ",0
" Q360J "," Crowley "," 84 St. & 57 Ave. ",""," N "," 40.7296 "," -73.8792 ",0
" Q021 "," Cunningham Park - Upper Playground "," 196 Pl. & Union Turnpike ",""," N "," 40.7262 "," -73.7753 ",0
" Q373 "," East Elmhurst Playground "," 25 Ave. & 98 St. ",""," N "," 40.7649 "," -73.8704 ",0
" Q419 "," Edward Hart Playground "," 147 St. between 26 and 27 Aves. ",""," N "," 40.774 "," -73.8183 ",0
" Q304 "," Ehrenreich-Austin St. Playground "," Austin St. between 76 Ave. & 76 Dr. ",""," N "," 40.7152 "," -73.8367 ",0
" Q342 "," Electrichester Houses Playground/Electric Playground "," 65 Ave. & 164 St. ",""," N "," 40.7364 "," -73.8052 ",0
" Q344 "," Emerald Playground/PS 200 "," 71 Ave. & 164 St. ",""," N "," 40.7313 "," -73.8062 ",0
" Q053 "," Equity Park "," 88 Ave. & 91 St. ",""," N "," 40.6916 "," -73.8533 ",0
" Q302 "," Evergreen Park "," St. Felix Ave. and Seneca Ave. ",""," N "," 40.6975 "," -73.897 ",0
" Q221 "," Farm Playground/PS 26 "," 73 Ave. & 196 St. ",""," N "," 40.7352 "," -73.7774 ",0
" Q337 "," Fitzgerald Playground "," Atlantic Ave. & 94 Ave. ",""," N "," 40.6901 "," -73.8399 ",0
" Q086 "," Flushing Fields "," Bayside Ave., 25 Ave. and 149 to 150 Sts. ",""," N "," 40.7756 "," -73.8173 ",0
" Q099 "," Flushing Meadows Corona Park Meadow Lake East "," W/S of Meadow Lake & Grand Central Pkwy. ",""," N ","","",0
" Q015 "," Forest Park "," 108 St., Myrtle Ave. & Park Lane South ",""," N "," 40.7026 "," -73.8686 ",0
" Q015 "," Forest Park "," Woodhaven Blvd. & Forest Park Dr. ",""," N "," 40.7015 "," -73.8559 ",0
" Q015 "," Forest Park "," 80 St. & Myrtle Ave. ",""," N "," 40.7014 "," -73.8428 ",0
" Q015 "," Forest Park (Sobelsohn P/G) "," Park Lane S. & Abingdon Rd. ",""," N "," 40.7101 "," -73.8353 ",0
" Q126 "," Francis Lewis Park "," 3 Ave., 147 St. and E River ",""," Y "," 40.7965 "," -73.8249 ",0
" Q381 "," Francis Lewis Playground "," 42 Ave. & Francis Lewis Blvd. ",""," N "," 40.7604 "," -73.7838 ",0
" Q098 "," Frank D. O'Connor Playground "," 78 St & Broadway ",""," N "," 40.7441 "," -73.8867 ",0
" Q445 "," Frank Golden Playground "," 136 St & 20 Ave. ",""," N "," 40.7845 "," -73.8329 ",0
" Q119 "," Frederick B. Judge "," 111 Ave., 134 to 135 Sts. and Lincoln Sts. ",""," N "," 40.6828 "," -73.8079 ",0
" Q223 "," Fresh Meadows Playground/PS 173 "," 67 Ave. & 173 St. ",""," N "," 40.7407 "," -73.7855 ",0
" Q089B "," George U. Harvey "," 15 to 20 Aves. and E/O Whitestone Expwy. ",""," N "," 40.7821 "," -73.824 ",0
" Q085 "," Gorman Park "," 30 Ave. btwn. 84 & 85 Sts. ",""," N "," 40.7624 "," -73.8841 ",0
" Q367 "," Hammel Playground "," Beach 83 St. & Rockaway Beach Blvd. ",""," N "," 40.5883 "," -73.809 ",0
" Q408 "," Harold Schneiderman/PS 232 "," 155 Ave. between 84 and 85 Sts. ",""," N "," 40.6652 "," -73.8503 ",0
" Q020 "," Highland Park Lower "," Jamaica Ave. & Cleveland St. ",""," N "," 40.6839 "," -73.887 ",0
" Q020 "," Highland Park Upper "," Highland Blvd. & Heath Pl. ",""," N "," 40.683 "," -73.8928 ",0
" Q360N "," Hoffman "," Hoffman Dr. & Seabury St. ",""," N "," 40.7328 "," -73.8719 ",0
" Q300B "," Holy Cow Playground "," Peck Ave. & Harding Blvd. ",""," N "," 40.7418 "," -73.7776 ",0
" Q220G "," Hoover "," Manton St. & 83 Ave. ",""," N "," 40.7119 "," -73.821 ",0
" Q428 "," Horace Harding Playground/PS 206 "," 62 Dr. between 97 Pl. & 98 St. ",""," N "," 40.7332 "," -73.8605 ",0
" Q001 "," Horatio P/G "," Horatio Pkwy. & 228 St. ",""," N "," 40.7588 "," -73.7544 ",0
" Q391 "," Joe Austin "," 164 Pl. & Grand Central Parkway ",""," N "," 40.7157 "," -73.8015 ",0
" Q285 "," John Adams "," 133 Ave., 101-103 Sts. ",""," N "," 40.6772 "," -73.8358 ",0
" Q305 "," Joseph F. Mafera Park "," 65 Pl. & Catalpa Ave. & 68 Ave. ",""," N "," 40.7062 "," -73.8912 ",0
" Q094 "," Joseph P. Addabbo Playground "," North Conduit Ave. between 81 and 82 Sts. ",""," Y "," 40.6734 "," -73.854 ",0
" Q122 "," Junction Playground "," 96 St., 34 Ave. & Junction Blvd. ",""," N "," 40.7546 "," -73.872 ",0
" Q102 "," Juniper North Playground "," 80 St. & Juniper Blvd. North ",""," N "," 40.7209 "," -73.8772 ",0
" Q102 "," Juniper South Playground "," 74 St. & Juniper Blvd. South ",""," N "," 40.7182 "," -73.8835 ",0
" Q300A "," Kissena Corridor East "," Peck & Underhill Aves. ",""," N "," 40.7445 "," -73.7874 ",0
" Q024 "," Kissena Park/164 St. P/G "," 164 St. opposite Lithonia Ave. ",""," N "," 40.7482 "," -73.8032 ",0
" Q300 "," Lawrence St. "," Lawrence St., College Point Blvd. and Queens Botanical Gardens ",""," N "," 40.7484 "," -73.834 ",0
" Q096E "," Lefferts "," North Conduit Ave. and 120 to 122 Sts. ",""," N "," 40.6654 "," -73.8209 ",0
" Q128 "," London Planetree "," 88th St., Atlantic Ave, & 95 Ave. ",""," N "," 40.6861 "," -73.853 ",0
" Q415 "," Louis Armstrong Playground/PS 143 "," 37 Ave. btwn. 112 & 113 Sts. ",""," N "," 40.7549 "," -73.8556 ",0
" Q369 "," Louis Pasteur Park/JHS 67 "," 248 St. & 51 Ave. ",""," N "," 40.762 "," -73.7352 ",0
" Q009 "," MacNeil Park "," Poppenhusen Ave. and 119 St. ",""," Y "," 40.7936 "," -73.8517 ",0
" Q211 "," Maple Playground "," Maple Ave. & Kissena Blvd. ",""," N "," 40.7556 "," -73.8261 ",0
" Q364 "," Marie Curie Park "," 211 St. & 47 Ave. ",""," N "," 40.757 "," -73.7712 ",0
" Q041 "," Newtown Playground "," 92 St. & 56 Ave. ",""," N "," 40.7363 "," -73.8695 ",0
" Q363 "," Northern Playground "," Northern BLvd. & 90th St. ",""," N "," 40.756 "," -73.8744 ",0
" Q400 "," Oakland Gardens Playground/PS 203 "," 54 Ave. & Springfield Blvd. ",""," N "," 40.7536 "," -73.7598 ",0
" Q162I "," O'Dohonue Park "," Beach 20-17 St. & Seagirt Blvd. ",""," N ","","",0
" Q092 "," P.O. Edward Byrne Park "," North Conduit Ave., 134 to 135 Sts. and 135 Ave. ",""," N "," 40.6673 "," -73.8076 ",0
" Q118 "," P.O. Nicholas DeMutis Park "," Liberty Ave. and 101 to 102 Sts. ",""," N "," 40.6818 "," -73.8392 ",0
" Q026 "," Park of the Americas "," 104 St. & 41 Ave. ",""," N "," 40.7487 "," -73.8614 ",0
" Q334 "," Playground 21 "," 163 to 166 Sts., 21 Ave. and 21 Rd. ",""," N "," 40.7781 "," -73.7984 ",0
" Q377 "," Playground 62/PS 220 "," Yellowstone Blvd. between 62 Ave. & 62 Rd. ",""," N "," 40.736 "," -73.8536 ",0
" Q354 "," Playground 75/PS 154 "," 75 Ave. & 160 St. ",""," N "," 40.7264 "," -73.8081 ",0
" Q362 "," Playground Ninety "," Northern Blvd. & 90 St. ",""," N "," 40.757 "," -73.8785 ",0
" Q329 "," Pomonok "," 65 Ave. & Kissena Blvd. ",""," N "," 40.7357 "," -73.8141 ",0
" Q011 "," Poppenhusen Playground "," 20 Ave btwn 123rd & 124th Sts ",""," N "," 40.7811 "," -73.8444 ",0
" Q316 "," PS 46 "," 64 Ave. & 218 St. ",""," N "," 40.7558 "," -73.7646 ",0
" Q212 "," Queens Valley Playground "," 137 St. & 77 Ave. ",""," N "," 40.7219 "," -73.8237 ",0
" Q300 "," Rachel Carlson Park "," Colden St. & Juniper Ave. ",""," N "," 40.7489 "," -73.8222 ",0
" Q300 "," Rachel Carson Playground "," Colden St. & Juniper Ave. ",""," N ","","",0
" Q103 "," Raymond M. O'Connor Field "," 33 Ave. & 210 St. ",""," N "," 40.7717 "," -73.7798 ",0
" Q357B "," Real Good Park "," Long Island Expressway, 99 St. & 62 Ave. ",""," N "," 40.7359 "," -73.8568 ",0
" Q345 "," Redfern Playground "," Redfern Ave & Beach 12 St. ",""," N "," 40.6113 "," -73.7491 ",0
" Q162 "," Rockaway Beach "," Beach 82 & Shore Front Pkwy. ",""," N "," 40.586 "," -73.8071 ",0
" Q371 "," Rockaway Community Playground "," Almeda Avenue ",""," N "," 40.5983 "," -73.7837 ",0
" Q414 "," Rocket Park/JHS 202 "," North Conduit Ave., Arion Rd. and 149 Ave. ",""," N "," 40.6706 "," -73.8462 ",0
" Q335 "," Russell Sage Playground "," 68 Ave. & Booth to Austin sts ",""," N "," 40.7236 "," -73.8518 ",0
" Q422 "," Seaside Playground "," Rockaway Beach Blvd. & B109-110 Sts. ",""," N "," 40.5809 "," -73.8308 ",0
" Q021C "," Seven Gables Playground "," 210 St. & Oceania St. ",""," N "," 40.7441 "," -73.7664 ",0
" Q024 "," Seven Seas Sports Courts/Four Winds P/G "," Booth Memorial Blvd. & 160 St. ",""," N "," 40.7424 "," -73.8079 ",0
" Q300 "," Silent Springs Playground "," Colden St. & Geranium Ave. ",""," N "," 40.7502 "," -73.8233 ",0
" Q129 "," Smokey Oval Playground "," Atlantic, 95 Ave., and 125 St. ",""," N "," 40.6943 "," -73.8208 ",0
" Q303 "," Travers Park "," 78 St, , S/O Northern Blvd. ",""," N "," 40.754 "," -73.8894 ",0
" Q099 "," Triassic Playground "," Jewel Ave. & Van Wyck Expressway ",""," N "," 40.7297 "," -73.835 ",0
" Q294 "," Utopia "," Utopia Pkwy. & Jewel Ave. ",""," N "," 40.7305 "," -73.7932 ",0
" Q336 "," Vleigh Place Playground/PS 165 "," Union Turnpike & 141 St. ",""," N "," 40.7184 "," -73.8205 ",0
" Q421 "," Walter Ward Playground/PS 207 "," 89 St. & 160 Ave. ",""," N "," 40.6578 "," -73.8438 ",0
" Q343 "," Whitestone Playground/PS 193 "," 152 St. between 11 and 12 Aves. ",""," N "," 40.7922 "," -73.8082 ",0
" Q375 "," Willets Pt. Playground/PS 209 "," 165 St. btwn. 16 Ave & 16 Rd. ",""," N "," 40.7836 "," -73.7962 ",0
" Q348 "," Willow Lake Playground "," Grand Central Pkwy between 71 & 72 Aves. ",""," N "," 40.723 "," -73.8372 ",0
" Q099 "," World’s Fair Playground "," 62 Dr. and Grand Central Pkwy. ",""," N "," 40.7375 "," -73.8456 ",0
" Q425 "," Yellowstone Municipal Park "," Yellowstone Blvd. between 68 Ave. & 68 Rd. ",""," N "," 40.7264 "," -73.8478 ",0
" R033 "," Abraham Levy Memorial Park "," Jewett & Castleton Ave. ",""," N "," 40.634 "," -74.1287 ",0
" R062 "," Arrochar Playground (PS 39) "," Sand Lane & McFarland Ave. ",""," N "," 40.5978 "," -74.0706 ",0
" R034 "," Austin J McDonald Playground "," Forest & Myrtle Aves. ",""," N "," 40.6297 "," -74.1151 ",0
" R072 "," Clawson Playground (PS 50) "," Adelaide Ave. & Clawson Rd. ",""," N "," 40.5603 "," -74.1239 ",0
" R005 "," Cloves Lake Park "," Slosson Ave, Victory Blvd. and Clove Rd. ",""," N "," 40.616 "," -74.1054 ",0
" R086 "," Davis Playground (PS 31) "," Layton & Bismark Ave. ",""," N "," 40.6421 "," -74.0859 ",0
" R087 "," Dongan Playground (PS 52) "," Mason, Buel & Dongan Hill Aves. ",""," N "," 40.5826 "," -74.089 ",0
" R090 "," Double Nickel/PS 55 Playground "," Osborne St. & Preston Ave. ",""," N "," 40.5365 "," -74.1628 ",0
" R008 "," Faber Park "," Richmond Terrace & Faber St. ",""," N "," 40.6409 "," -74.1358 ",0
" R046 "," FDR Boardwalk & Beach "," Miller Field & Greely Ave. ",""," Y "," 40.5687 "," -74.0912 ",0
" R067 "," General Douglas MacArthur Park "," Dongan Hills Ave. & SIRR ",""," N "," 40.5863 "," -74.1006 ",0
" R026 "," Gerard P Dugan Playground "," Mill Rd., Weed Ave., and Tysens Lane ",""," N "," 40.5608 "," -74.1102 ",0
" R068 "," Grandview Playground "," Grandview Ave. & Continental Pl. ",""," N "," 40.6312 "," -74.1651 ",0
" R071 "," Great Kills Park (PS 8) "," Hillcrest Ave. & Highmount Rd. ",""," N "," 40.5471 "," -74.1518 ",0
" R089 "," Greencroft Playground (PS 53) "," Redgrave, Greencroft St., Ainsworth Ave., and Durant Ave. ",""," N "," 40.552 "," -74.1368 ",0
" R036 "," Harbor Playground "," Harbor Rd. & Richmond Terrace ",""," N "," 40.6366 "," -74.1604 ",0
" R131 "," Huguenot Playground (IS 7) "," Hylan Blvd. & Huguenot Ave. ",""," N ","","",0
" R037 "," Ikefugi Playground "," Winter & Bismark Aves. ",""," N "," 40.6387 "," -74.0837 ",0
" R114 "," Jennifer's Playground "," Jules Dr., Elson Ct., and Regis Dr. ",""," N "," 40.62 "," -74.1635 ",0
" R125 "," Luis Lopez Playground "," Targee St., Palma Dr., and Oder Ave. ",""," N "," 40.6118 "," -74.0849 ",0
" R076 "," Markham Playground "," Willowbrook Pkwy., Forest Ave. and Houston St. ",""," N "," 40.6237 "," -74.1456 ",0
" R025 "," Michael J Mahoney Memorial Playground. "," Beechwood Ave., Crescent St. and Cleveland St. ",""," N "," 40.6431 "," -74.086 ",0
" R038A "," Midland Field (JHS 2) "," Midland, Mason, and Bedford Aves. ",""," N "," 40.577 "," -74.0995 ",0
" R073 "," Naples Playground (PS 48) "," Targee St. & Naples St. ",""," N "," 40.6027 "," -74.0907 ",0
" R035 "," Nicholas De Matti Playground "," Tompkins Ave. & Chestnut St. ",""," N "," 40.6145 "," -74.0742 ",0
" R063 "," Old Town Playground "," Parkinson Ave. & Kramer St. ",""," N "," 40.5954 "," -74.0814 ",0
" R053 "," Park "," Richmond Pkwy & Vernon Blvd. ",""," N "," 40.533 "," -74.2021 ",0
" R105 "," Prall Playground (IS 27) "," Elizabeth St. & Forest Ave. ",""," N "," 40.6288 "," -74.1183 ",0
" R061 "," PS 14 & Stapleton Houses Plgd. "," Tompkins Ave, Broad, and Hill Sts. ",""," N "," 40.6229 "," -74.0796 ",0
" R015 "," Randolph Walker Park "," Delafield Pl, Bard and Davis Aves. ",""," N "," 40.6431 "," -74.1103 ",0
" R042 "," Reinhard E. Kaltenmeier Playground "," Virginia Ave. & Anderson St. ",""," N "," 40.6146 "," -74.0682 ",0
" R045 "," Schmul Park "," Wild Ave & Pearson St. ",""," N "," 40.5899 "," -74.188 ",0
" R022 "," Silver Lake Park "," University Pl. & Revere St. ",""," N "," 40.6284 "," -74.0987 ",0
" R069 "," Terrace/PS 35 Playground "," Foote Ave., Howard Ave., and Martha St. ",""," N "," 40.6136 "," -74.0986 ",0
" R064 "," Toad Hall Playground "," Schmidts Lane & Manor Rd. ",""," N "," 40.6087 "," -74.1191 ",0
" Q448 "," Roy Wilkins Recreation Center "," 177th Street & Baisley Boulevard ","",""," 40.6862 "," -73.7698 ",0
" M260 "," Chelsea Recreation Center "," West 25 Street and 10 Avenue ","",""," 40.7483 "," -74.0022 ",0
" X261 "," West Bronx Recreation Center "," West 172 Street between Nelson Avenue & Jesup Street "," 3 ",""," 40.844 "," -73.9195 ",0
" B145 "," Thomas Greene Playground "," Third Avenue at Douglass Street ","",""," 40.6804 "," -73.9852 ",0
" Q106 "," Daniel M. O'Connell Playground "," 197 St., 196 St. Bet. 113 Ave. And Murdock Ave. ","","","","",0
