1,"WC2A 1AA",""
2,"WC2A 1AB",""
3,"WC2A 1AD",""
4,"WC2A 1AE",""
5,"WC2A 1AF",""
6,"WC2A 1AG",""
7,"WC2A 1AH",""
8,"WC2A 1AJ",""
9,"WC2A 1AL",""
10,"WC2A 1AN",""
11,"WC2A 1AP",""
12,"WC2A 1AR",""
13,"WC2A 1AT",""
14,"WC2A 1AW",""
15,"WC2A 1AX",""
16,"WC2A 1AY",""
17,"WC2A 1BA",""
18,"WC2A 1BD",""
19,"WC2A 1BP",""
20,"WC2A 1BQ",""
21,"WC2A 1DD",""
22,"WC2A 1DE",""
23,"WC2A 1DJ",""
24,"WC2A 1DL",""
25,"WC2A 1DN",""
26,"WC2A 1DP",""
27,"WC2A 1DR",""
28,"WC2A 1DS",""
29,"WC2A 1DT",""
30,"WC2A 1DU",""
31,"WC2A 1DW",""
32,"WC2A 1DX",""
33,"WC2A 1DZ",""
34,"WC2A 1EA",""
35,"WC2A 1EB",""
36,"WC2A 1ED",""
37,"WC2A 1EE",""
38,"WC2A 1EF",""
39,"WC2A 1EG",""
40,"WC2A 1EH",""
41,"WC2A 1EJ",""
42,"WC2A 1EL",""
43,"WC2A 1EN",""
44,"WC2A 1EP",""
45,"WC2A 1EQ",""
46,"WC2A 1ER",""
47,"WC2A 1ES",""
48,"WC2A 1ET",""
49,"WC2A 1EU",""
50,"WC2A 1EW",""
51,"WC2A 1EY",""
52,"WC2A 1HD",""
53,"WC2A 1HE",""
54,"WC2A 1HJ",""
55,"WC2A 1HL",""
56,"WC2A 1HN",""
57,"WC2A 1HP",""
58,"WC2A 1HR",""
59,"WC2A 1HS",""
60,"WC2A 1HT",""
61,"WC2A 1HU",""
62,"WC2A 1HW",""
63,"WC2A 1HX",""
64,"WC2A 1HZ",""
65,"WC2A 1JA",""
66,"WC2A 1JB",""
67,"WC2A 1JD",""
68,"WC2A 1JE",""
69,"WC2A 1JF",""
70,"WC2A 1JG",""
71,"WC2A 1JH",""
72,"WC2A 1JJ",""
73,"WC2A 1JN",""
74,"WC2A 1JP",""
75,"WC2A 1JQ",""
76,"WC2A 1JR",""
77,"WC2A 1JS",""
78,"WC2A 1JT",""
79,"WC2A 1JW",""
80,"WC2A 1LA",""
81,"WC2A 1LB",""
82,"WC2A 1LE",""
83,"WC2A 1LF",""
84,"WC2A 1LG",""
85,"WC2A 1LH",""
86,"WC2A 1LJ",""
87,"WC2A 1LL",""
88,"WC2A 1LN",""
89,"WC2A 1LP",""
90,"WC2A 1LQ",""
91,"WC2A 1LR",""
92,"WC2A 1LS",""
93,"WC2A 1LT",""
94,"WC2A 1LU",""
95,"WC2A 1LY",""
96,"WC2A 1NB",""
97,"WC2A 1NE",""
98,"WC2A 1NF",""
99,"WC2A 1NG",""
100,"WC2A 1NJ",""
101,"WC2A 1NL",""
102,"WC2A 1NR",""
103,"WC2A 1NS",""
104,"WC2A 1NT",""
105,"WC2A 1NU",""
106,"WC2A 1NW",""
107,"WC2A 1PA",""
108,"WC2A 1PB",""
109,"WC2A 1PF",""
110,"WC2A 1PG",""
111,"WC2A 1PH",""
112,"WC2A 1PJ",""
113,"WC2A 1PL",""
114,"WC2A 1PN",""
115,"WC2A 1PP",""
116,"WC2A 1PQ",""
117,"WC2A 1PR",""
118,"WC2A 1PS",""
119,"WC2A 1PT",""
120,"WC2A 1PU",""
121,"WC2A 1PW",""
122,"WC2A 1PX",""
123,"WC2A 1PY",""
124,"WC2A 1QB",""
125,"WC2A 1QD",""
126,"WC2A 1QE",""
127,"WC2A 1QH",""
128,"WC2A 1QL",""
129,"WC2A 1QP",""
130,"WC2A 1QR",""
131,"WC2A 1QS",""
132,"WC2A 1QT",""
133,"WC2A 1QU",""
134,"WC2A 1QW",""
135,"WC2A 1QX",""
136,"WC2A 1QY",""
137,"WC2A 1QZ",""
138,"WC2A 1RA",""
139,"WC2A 1RB",""
140,"WC2A 1RD",""
141,"WC2A 1RE",""
142,"WC2A 1RF",""
143,"WC2A 1RG",""
144,"WC2A 1RH",""
145,"WC2A 1RJ",""
146,"WC2A 1RL",""
147,"WC2A 1RN",""
148,"WC2A 1RP",""
149,"WC2A 1RQ",""
150,"WC2A 1RS",""
151,"WC2A 1RT",""
152,"WC2A 1RX",""
153,"WC2A 1RY",""
154,"WC2A 1SA",""
155,"WC2A 1SD",""
156,"WC2A 1SF",""
157,"WC2A 1SJ",""
158,"WC2A 1SL",""
159,"WC2A 1SN",""
160,"WC2A 1SP",""
161,"WC2A 1SR",""
162,"WC2A 1ST",""
163,"WC2A 1SU",""
164,"WC2A 1SX",""
165,"WC2A 1SZ",""
166,"WC2A 1TA",""
167,"WC2A 1TB",""
168,"WC2A 1TD",""
169,"WC2A 1TE",""
170,"WC2A 1TF",""
171,"WC2A 1TG",""
172,"WC2A 1WA",""
173,"WC2A 1WB",""
174,"WC2A 1WD",""
175,"WC2A 1WT",""
176,"WC2A 1WU",""
177,"WC2A 1WW",""
178,"WC2A 1WX",""
179,"WC2A 1WY",""
180,"WC2A 1WZ",""
181,"WC2A 1ZZ",""
182,"WC2A 2AA",""
183,"WC2A 2AB",""
184,"WC2A 2AD",""
185,"WC2A 2AE",""
186,"WC2A 2AF",""
187,"WC2A 2AG",""
188,"WC2A 2AH",""
189,"WC2A 2AJ",""
190,"WC2A 2AL",""
191,"WC2A 2AN",""
192,"WC2A 2AP",""
193,"WC2A 2AQ",""
194,"WC2A 2AR",""
195,"WC2A 2AS",""
196,"WC2A 2AU",""
197,"WC2A 2AZ",""
198,"WC2A 2DX",""
199,"WC2A 2EB",""
200,"WC2A 2EN",""
201,"WC2A 2ES",""
202,"WC2A 2EX",""
203,"WC2A 2EY",""
204,"WC2A 2EZ",""
205,"WC2A 2HA",""
206,"WC2A 2HB",""
207,"WC2A 2HD",""
208,"WC2A 2HE",""
209,"WC2A 2HF",""
210,"WC2A 2HG",""
211,"WC2A 2HH",""
212,"WC2A 2HJ",""
213,"WC2A 2HP",""
214,"WC2A 2HR",""
215,"WC2A 2HT",""
216,"WC2A 2HU",""
217,"WC2A 2HX",""
218,"WC2A 2JA",""
219,"WC2A 2JB",""
220,"WC2A 2JD",""
221,"WC2A 2JE",""
222,"WC2A 2JF",""
223,"WC2A 2JG",""
224,"WC2A 2JJ",""
225,"WC2A 2JL",""
226,"WC2A 2JN",""
227,"WC2A 2JP",""
228,"WC2A 2JQ",""
229,"WC2A 2JR",""
230,"WC2A 2JT",""
231,"WC2A 2JU",""
232,"WC2A 2JY",""
233,"WC2A 2JZ",""
234,"WC2A 2LA",""
235,"WC2A 2LD",""
236,"WC2A 2LF",""
237,"WC2A 2LH",""
238,"WC2A 2LJ",""
239,"WC2A 2LL",""
240,"WC2A 2LN",""
241,"WC2A 2LP",""
242,"WC2A 2LQ",""
243,"WC2A 2LR",""
244,"WC2A 2LS",""
245,"WC2A 2LT",""
246,"WC2A 2LX",""
247,"WC2A 2PL",""
248,"WC2A 2PR",""
249,"WC2A 2WZ",""
250,"WC2A 2XB",""
251,"WC2A 2XD",""
252,"WC2A 3AA",""
253,"WC2A 3AB",""
254,"WC2A 3AD",""
255,"WC2A 3AH",""
256,"WC2A 3AJ",""
257,"WC2A 3AL",""
258,"WC2A 3AS",""
259,"WC2A 3AU",""
260,"WC2A 3BA",""
261,"WC2A 3BE",""
262,"WC2A 3BH",""
263,"WC2A 3BL",""
264,"WC2A 3BP",""
265,"WC2A 3BS",""
266,"WC2A 3BT",""
267,"WC2A 3BZ",""
268,"WC2A 3DB",""
269,"WC2A 3DH",""
270,"WC2A 3DL",""
271,"WC2A 3DS",""
272,"WC2A 3DU",""
273,"WC2A 3DW",""
274,"WC2A 3EA",""
275,"WC2A 3ED",""
276,"WC2A 3EE",""
277,"WC2A 3EF",""
278,"WC2A 3EG",""
279,"WC2A 3EJ",""
280,"WC2A 3EQ",""
281,"WC2A 3ER",""
282,"WC2A 3ES",""
283,"WC2A 3ET",""
284,"WC2A 3EU",""
285,"WC2A 3EW",""
286,"WC2A 3EY",""
287,"WC2A 3HB",""
288,"WC2A 3HF",""
289,"WC2A 3HH",""
290,"WC2A 3HJ",""
291,"WC2A 3HL",""
292,"WC2A 3HN",""
293,"WC2A 3HP",""
294,"WC2A 3HR",""
295,"WC2A 3HT",""
296,"WC2A 3HU",""
297,"WC2A 3HX",""
298,"WC2A 3JA",""
299,"WC2A 3JB",""
300,"WC2A 3JD",""
301,"WC2A 3JE",""
302,"WC2A 3JF",""
303,"WC2A 3JG",""
304,"WC2A 3JH",""
305,"WC2A 3JJ",""
306,"WC2A 3JL",""
307,"WC2A 3JQ",""
308,"WC2A 3JS",""
309,"WC2A 3JU",""
310,"WC2A 3JW",""
311,"WC2A 3JX",""
312,"WC2A 3JY",""
313,"WC2A 3LA",""
314,"WC2A 3LH",""
315,"WC2A 3LJ",""
316,"WC2A 3LL",""
317,"WC2A 3LN",""
318,"WC2A 3LP",""
319,"WC2A 3LQ",""
320,"WC2A 3LR",""
321,"WC2A 3LS",""
322,"WC2A 3LT",""
323,"WC2A 3LU",""
324,"WC2A 3LW",""
325,"WC2A 3LX",""
326,"WC2A 3LY",""
327,"WC2A 3LZ",""
328,"WC2A 3NA",""
329,"WC2A 3NB",""
330,"WC2A 3ND",""
331,"WC2A 3NN",""
332,"WC2A 3NW",""
333,"WC2A 3PD",""
334,"WC2A 3PE",""
335,"WC2A 3PF",""
336,"WC2A 3PG",""
337,"WC2A 3PH",""
338,"WC2A 3PJ",""
339,"WC2A 3PN",""
340,"WC2A 3PP",""
341,"WC2A 3PR",""
342,"WC2A 3PS",""
343,"WC2A 3PT",""
344,"WC2A 3PU",""
345,"WC2A 3PX",""
346,"WC2A 3PZ",""
347,"WC2A 3QA",""
348,"WC2A 3QB",""
349,"WC2A 3QD",""
350,"WC2A 3QF",""
351,"WC2A 3QG",""
352,"WC2A 3QH",""
353,"WC2A 3QJ",""
354,"WC2A 3QN",""
355,"WC2A 3QP",""
356,"WC2A 3QQ",""
357,"WC2A 3QS",""
358,"WC2A 3QT",""
359,"WC2A 3QW",""
360,"WC2A 3QX",""
361,"WC2A 3RA",""
362,"WC2A 3RB",""
363,"WC2A 3RD",""
364,"WC2A 3RG",""
365,"WC2A 3RH",""
366,"WC2A 3RJ",""
367,"WC2A 3RN",""
368,"WC2A 3RP",""
369,"WC2A 3RS",""
370,"WC2A 3RU",""
371,"WC2A 3RX",""
372,"WC2A 3RZ",""
373,"WC2A 3SA",""
374,"WC2A 3SB",""
375,"WC2A 3SD",""
376,"WC2A 3SE",""
377,"WC2A 3SF",""
378,"WC2A 3SH",""
379,"WC2A 3SJ",""
380,"WC2A 3SP",""
381,"WC2A 3SR",""
382,"WC2A 3SS",""
383,"WC2A 3SU",""
384,"WC2A 3SW",""
385,"WC2A 3SX",""
386,"WC2A 3SZ",""
387,"WC2A 3TA",""
388,"WC2A 3TB",""
389,"WC2A 3TD",""
390,"WC2A 3TF",""
391,"WC2A 3TG",""
392,"WC2A 3TH",""
393,"WC2A 3TJ",""
394,"WC2A 3TL",""
395,"WC2A 3TN",""
396,"WC2A 3TP",""
397,"WC2A 3TS",""
398,"WC2A 3TT",""
399,"WC2A 3TX",""
400,"WC2A 3UA",""
401,"WC2A 3UB",""
402,"WC2A 3UE",""
403,"WC2A 3UG",""
404,"WC2A 3UJ",""
405,"WC2A 3UL",""
406,"WC2A 3UN",""
407,"WC2A 3UP",""
408,"WC2A 3UR",""
409,"WC2A 3UT",""
410,"WC2A 3UW",""
411,"WC2A 3UZ",""
412,"WC2A 3WG",""
413,"WC2A 3WP",""
414,"WC2A 3WT",""
415,"WC2A 3WX",""
416,"WC2A 3WY",""
417,"WC2A 3WZ",""
418,"WC2A 3XA",""
419,"WC2A 3XB",""
420,"WC2A 3XD",""
421,"WC2A 3XE",""
422,"WC2A 3XF",""
423,"WC2A 3XH",""
424,"WC2A 3XJ",""
425,"WC2A 3XL",""
426,"WC2A 3XN",""
427,"WC2A 3XP",""
428,"WC2A 3XS",""
429,"WC2A 3XT",""
430,"WC2A 3YD",""
431,"WC2A 3YF",""
432,"WC2A 3YG",""
433,"WC2A 3YN",""
434,"WC2A 3YP",""
435,"WC2A 3YQ",""